instance,profile,method,rule,objective,capital_cost,running_cost,hub_cost,uav_inv_cost,ugv_inv_cost,uav_trav_cost,ugv_trav_cost,num_active_hubs,num_uav_routes,num_ugv_routes,served,unserved,valid,runtime_sec,profile_policy,validation_message
instance_20260101,commercial,priority_nearest,nearest,3506.145399902979,590.0,2916.145399902979,50.0,360.0,180.0,892.9408718715617,2023.204528031417,1,2,2,56,0,True,0.015456600000000043,retain amortized hub/UAV/UGV capital costs plus running costs,All checks passed.
instance_20260101,commercial,priority_edd,edd,3258.0501882505405,590.0,2668.0501882505405,50.0,360.0,180.0,831.3587427769712,1836.6914454735695,1,2,2,56,0,True,0.019694100000000048,retain amortized hub/UAV/UGV capital costs plus running costs,All checks passed.
instance_20260101,commercial,priority_min_slack,min_slack,3853.5616825745074,1310.0,2543.5616825745074,50.0,1080.0,180.0,800.567678229676,1742.9940043448314,1,6,2,56,0,True,0.015120000000000022,retain amortized hub/UAV/UGV capital costs plus running costs,All checks passed.
instance_20260101,emergency,priority_nearest,nearest,2916.145399902979,0.0,2916.145399902979,0.0,0.0,0.0,892.9408718715617,2023.204528031417,1,2,2,56,0,True,0.015452899999999992,capital costs excluded; Eq. (1) retains UAV/UGV running costs only,All checks passed.
instance_20260101,emergency,priority_edd,edd,2668.0501882505405,0.0,2668.0501882505405,0.0,0.0,0.0,831.3587427769712,1836.6914454735695,1,2,2,56,0,True,0.019717399999999996,capital costs excluded; Eq. (1) retains UAV/UGV running costs only,All checks passed.
instance_20260101,emergency,priority_min_slack,min_slack,2543.5616825745074,0.0,2543.5616825745074,0.0,0.0,0.0,800.567678229676,1742.9940043448314,1,6,2,56,0,True,0.015008500000000091,capital costs excluded; Eq. (1) retains UAV/UGV running costs only,All checks passed.
instance_20260102,commercial,priority_nearest,nearest,2821.1419091048538,590.0,2231.1419091048538,50.0,360.0,180.0,769.7766136823807,1461.365295422473,1,2,2,51,0,True,0.013681600000000071,retain amortized hub/UAV/UGV capital costs plus running costs,All checks passed.
instance_20260102,commercial,priority_edd,edd,2808.64881334062,590.0,2218.64881334062,50.0,360.0,180.0,738.9855491350854,1479.6632642055345,1,2,2,51,0,True,0.01746789999999998,retain amortized hub/UAV/UGV capital costs plus running costs,All checks passed.
instance_20260102,commercial,priority_min_slack,min_slack,2951.651126766509,770.0,2181.651126766509,50.0,540.0,180.0,769.7766136823807,1411.8745130841285,1,3,2,51,0,True,0.012293499999999957,retain amortized hub/UAV/UGV capital costs plus running costs,All checks passed.
instance_20260102,emergency,priority_nearest,nearest,2231.1419091048538,0.0,2231.1419091048538,0.0,0.0,0.0,769.7766136823807,1461.365295422473,1,2,2,51,0,True,0.013611800000000063,capital costs excluded; Eq. (1) retains UAV/UGV running costs only,All checks passed.
instance_20260102,emergency,priority_edd,edd,2218.64881334062,0.0,2218.64881334062,0.0,0.0,0.0,738.9855491350854,1479.6632642055345,1,2,2,51,0,True,0.01734750000000007,capital costs excluded; Eq. (1) retains UAV/UGV running costs only,All checks passed.
instance_20260102,emergency,priority_min_slack,min_slack,2181.651126766509,0.0,2181.651126766509,0.0,0.0,0.0,769.7766136823807,1411.8745130841285,1,3,2,51,0,True,0.012319200000000086,capital costs excluded; Eq. (1) retains UAV/UGV running costs only,All checks passed.
instance_20260103,commercial,priority_nearest,nearest,4594.884065937715,1130.0,3464.884065937715,50.0,900.0,180.0,800.567678229676,2664.316387708039,1,5,2,55,0,True,0.014671299999999832,retain amortized hub/UAV/UGV capital costs plus running costs,All checks passed.
instance_20260103,commercial,priority_edd,edd,3942.8631138377127,770.0,3172.8631138377127,50.0,540.0,180.0,769.7766136823807,2403.086500155332,1,3,2,55,0,True,0.01871719999999999,retain amortized hub/UAV/UGV capital costs plus running costs,All checks passed.
instance_20260103,commercial,priority_min_slack,min_slack,3869.8385338834973,770.0,3099.8385338834973,50.0,540.0,180.0,831.3587427769712,2268.479791106526,1,3,2,55,0,True,0.015881400000000045,retain amortized hub/UAV/UGV capital costs plus running costs,All checks passed.
instance_20260103,emergency,priority_nearest,nearest,3464.884065937715,0.0,3464.884065937715,0.0,0.0,0.0,800.567678229676,2664.316387708039,1,5,2,55,0,True,0.014831599999999945,capital costs excluded; Eq. (1) retains UAV/UGV running costs only,All checks passed.
instance_20260103,emergency,priority_edd,edd,3172.8631138377127,0.0,3172.8631138377127,0.0,0.0,0.0,769.7766136823807,2403.086500155332,1,3,2,55,0,True,0.018712000000000062,capital costs excluded; Eq. (1) retains UAV/UGV running costs only,All checks passed.
instance_20260103,emergency,priority_min_slack,min_slack,3099.8385338834973,0.0,3099.8385338834973,0.0,0.0,0.0,831.3587427769712,2268.479791106526,1,3,2,55,0,True,0.015806500000000057,capital costs excluded; Eq. (1) retains UAV/UGV running costs only,All checks passed.
instance_20260104,commercial,priority_nearest,nearest,4030.061871466254,1130.0,2900.061871466254,50.0,900.0,180.0,831.3587427769712,2068.703128689283,1,5,2,52,0,True,0.014286400000000032,retain amortized hub/UAV/UGV capital costs plus running costs,All checks passed.
instance_20260104,commercial,priority_edd,edd,3582.8540828030073,770.0,2812.8540828030073,50.0,540.0,180.0,769.7766136823807,2043.0774691206268,1,3,2,52,0,True,0.016213399999999822,retain amortized hub/UAV/UGV capital costs plus running costs,All checks passed.
instance_20260104,commercial,priority_min_slack,min_slack,3081.096315535634,590.0,2491.096315535634,50.0,360.0,180.0,677.4034200404949,1813.692895495139,1,2,2,52,0,True,0.011987599999999876,retain amortized hub/UAV/UGV capital costs plus running costs,All checks passed.
instance_20260104,emergency,priority_nearest,nearest,2900.061871466254,0.0,2900.061871466254,0.0,0.0,0.0,831.3587427769712,2068.703128689283,1,5,2,52,0,True,0.014337700000000009,capital costs excluded; Eq. (1) retains UAV/UGV running costs only,All checks passed.
instance_20260104,emergency,priority_edd,edd,2812.8540828030073,0.0,2812.8540828030073,0.0,0.0,0.0,769.7766136823807,2043.0774691206268,1,3,2,52,0,True,0.016136699999999893,capital costs excluded; Eq. (1) retains UAV/UGV running costs only,All checks passed.
instance_20260104,emergency,priority_min_slack,min_slack,2491.096315535634,0.0,2491.096315535634,0.0,0.0,0.0,677.4034200404949,1813.692895495139,1,2,2,52,0,True,0.011992900000000084,capital costs excluded; Eq. (1) retains UAV/UGV running costs only,All checks passed.
instance_20260105,commercial,priority_nearest,nearest,3800.207887718845,950.0,2850.207887718845,50.0,720.0,180.0,769.7766136823807,2080.4312740364644,1,4,2,58,0,True,0.015284400000000087,retain amortized hub/UAV/UGV capital costs plus running costs,All checks passed.
instance_20260105,commercial,priority_edd,edd,3660.3679309620197,950.0,2710.3679309620197,50.0,720.0,180.0,738.9855491350854,1971.3823818269343,1,4,2,58,0,True,0.02120079999999991,retain amortized hub/UAV/UGV capital costs plus running costs,All checks passed.
instance_20260105,commercial,priority_min_slack,min_slack,3841.2052850296122,1310.0,2531.2052850296122,50.0,1080.0,180.0,708.1944845877902,1823.0108004418219,1,6,2,58,0,True,0.01427899999999993,retain amortized hub/UAV/UGV capital costs plus running costs,All checks passed.
instance_20260105,emergency,priority_nearest,nearest,2850.207887718845,0.0,2850.207887718845,0.0,0.0,0.0,769.7766136823807,2080.4312740364644,1,4,2,58,0,True,0.01540190000000008,capital costs excluded; Eq. (1) retains UAV/UGV running costs only,All checks passed.
instance_20260105,emergency,priority_edd,edd,2710.3679309620197,0.0,2710.3679309620197,0.0,0.0,0.0,738.9855491350854,1971.3823818269343,1,4,2,58,0,True,0.021307500000000035,capital costs excluded; Eq. (1) retains UAV/UGV running costs only,All checks passed.
instance_20260105,emergency,priority_min_slack,min_slack,2531.2052850296122,0.0,2531.2052850296122,0.0,0.0,0.0,708.1944845877902,1823.0108004418219,1,6,2,58,0,True,0.014227800000000013,capital costs excluded; Eq. (1) retains UAV/UGV running costs only,All checks passed.
instance_20260106,commercial,priority_nearest,nearest,3942.970568945243,1130.0,2812.970568945243,50.0,900.0,180.0,923.731936418857,1889.2386325263858,1,5,2,54,0,True,0.014125100000000002,retain amortized hub/UAV/UGV capital costs plus running costs,All checks passed.
instance_20260106,commercial,priority_edd,edd,3714.858850723293,950.0,2764.858850723293,50.0,720.0,180.0,892.9408718715617,1871.9179788517313,1,4,2,54,0,True,0.01957730000000013,retain amortized hub/UAV/UGV capital costs plus running costs,All checks passed.
instance_20260106,commercial,priority_min_slack,min_slack,3719.853635070377,1130.0,2589.853635070377,50.0,900.0,180.0,862.1498073242665,1727.7038277461106,1,5,2,54,0,True,0.013162200000000013,retain amortized hub/UAV/UGV capital costs plus running costs,All checks passed.
instance_20260106,emergency,priority_nearest,nearest,2812.970568945243,0.0,2812.970568945243,0.0,0.0,0.0,923.731936418857,1889.2386325263858,1,5,2,54,0,True,0.014437699999999998,capital costs excluded; Eq. (1) retains UAV/UGV running costs only,All checks passed.
instance_20260106,emergency,priority_edd,edd,2764.858850723293,0.0,2764.858850723293,0.0,0.0,0.0,892.9408718715617,1871.9179788517313,1,4,2,54,0,True,0.01971920000000016,capital costs excluded; Eq. (1) retains UAV/UGV running costs only,All checks passed.
instance_20260106,emergency,priority_min_slack,min_slack,2589.853635070377,0.0,2589.853635070377,0.0,0.0,0.0,862.1498073242665,1727.7038277461106,1,5,2,54,0,True,0.01340489999999983,capital costs excluded; Eq. (1) retains UAV/UGV running costs only,All checks passed.
instance_20260107,commercial,priority_nearest,nearest,3757.6416410644665,770.0,2987.6416410644665,50.0,540.0,180.0,769.7766136823807,2217.865027382086,1,3,2,56,0,True,0.016103999999999896,retain amortized hub/UAV/UGV capital costs plus running costs,All checks passed.
instance_20260107,commercial,priority_edd,edd,3283.4206737698423,590.0,2693.4206737698423,50.0,360.0,180.0,708.1944845877902,1985.2261891820524,1,2,2,56,0,True,0.018637400000000026,retain amortized hub/UAV/UGV capital costs plus running costs,All checks passed.
instance_20260107,commercial,priority_min_slack,min_slack,3938.8177911117855,1130.0,2808.8177911117855,50.0,900.0,180.0,800.567678229676,2008.2501128821093,1,5,2,56,0,True,0.015534600000000065,retain amortized hub/UAV/UGV capital costs plus running costs,All checks passed.
instance_20260107,emergency,priority_nearest,nearest,2987.6416410644665,0.0,2987.6416410644665,0.0,0.0,0.0,769.7766136823807,2217.865027382086,1,3,2,56,0,True,0.016221700000000006,capital costs excluded; Eq. (1) retains UAV/UGV running costs only,All checks passed.
instance_20260107,emergency,priority_edd,edd,2693.4206737698423,0.0,2693.4206737698423,0.0,0.0,0.0,708.1944845877902,1985.2261891820524,1,2,2,56,0,True,0.01864750000000015,capital costs excluded; Eq. (1) retains UAV/UGV running costs only,All checks passed.
instance_20260107,emergency,priority_min_slack,min_slack,2808.8177911117855,0.0,2808.8177911117855,0.0,0.0,0.0,800.567678229676,2008.2501128821093,1,5,2,56,0,True,0.015484799999999854,capital costs excluded; Eq. (1) retains UAV/UGV running costs only,All checks passed.
instance_20260108,commercial,priority_nearest,nearest,3957.0145605372895,860.0,3097.0145605372895,50.0,540.0,270.0,800.567678229676,2296.4468823076136,1,3,3,56,0,True,0.017301799999999812,retain amortized hub/UAV/UGV capital costs plus running costs,All checks passed.
instance_20260108,commercial,priority_edd,edd,3472.695291617347,590.0,2882.695291617347,50.0,360.0,180.0,769.7766136823807,2112.918677934966,1,2,2,56,0,True,0.021499600000000063,retain amortized hub/UAV/UGV capital costs plus running costs,All checks passed.
instance_20260108,commercial,priority_min_slack,min_slack,3505.7222972285176,590.0,2915.7222972285176,50.0,360.0,180.0,769.7766136823807,2145.945683546137,1,2,2,56,0,True,0.015943700000000005,retain amortized hub/UAV/UGV capital costs plus running costs,All checks passed.
instance_20260108,emergency,priority_nearest,nearest,3097.0145605372895,0.0,3097.0145605372895,0.0,0.0,0.0,800.567678229676,2296.4468823076136,1,3,3,56,0,True,0.017245799999999978,capital costs excluded; Eq. (1) retains UAV/UGV running costs only,All checks passed.
instance_20260108,emergency,priority_edd,edd,2882.695291617347,0.0,2882.695291617347,0.0,0.0,0.0,769.7766136823807,2112.918677934966,1,2,2,56,0,True,0.021501400000000004,capital costs excluded; Eq. (1) retains UAV/UGV running costs only,All checks passed.
instance_20260108,emergency,priority_min_slack,min_slack,2915.7222972285176,0.0,2915.7222972285176,0.0,0.0,0.0,769.7766136823807,2145.945683546137,1,2,2,56,0,True,0.01591150000000008,capital costs excluded; Eq. (1) retains UAV/UGV running costs only,All checks passed.
instance_20260109,commercial,priority_nearest,nearest,3511.491321418307,770.0,2741.491321418307,50.0,540.0,180.0,800.567678229676,1940.9236431886313,1,3,2,55,0,True,0.014485199999999976,retain amortized hub/UAV/UGV capital costs plus running costs,All checks passed.
instance_20260109,commercial,priority_edd,edd,3336.4193993106796,590.0,2746.4193993106796,50.0,360.0,180.0,800.567678229676,1945.8517210810037,1,2,2,55,0,True,0.019846999999999948,retain amortized hub/UAV/UGV capital costs plus running costs,All checks passed.
instance_20260109,commercial,priority_min_slack,min_slack,3503.0350421415824,770.0,2733.0350421415824,50.0,540.0,180.0,769.7766136823807,1963.2584284592017,1,3,2,55,0,True,0.014613200000000104,retain amortized hub/UAV/UGV capital costs plus running costs,All checks passed.
instance_20260109,emergency,priority_nearest,nearest,2741.491321418307,0.0,2741.491321418307,0.0,0.0,0.0,800.567678229676,1940.9236431886313,1,3,2,55,0,True,0.014402299999999979,capital costs excluded; Eq. (1) retains UAV/UGV running costs only,All checks passed.
instance_20260109,emergency,priority_edd,edd,2746.4193993106796,0.0,2746.4193993106796,0.0,0.0,0.0,800.567678229676,1945.8517210810037,1,2,2,55,0,True,0.019820100000000007,capital costs excluded; Eq. (1) retains UAV/UGV running costs only,All checks passed.
instance_20260109,emergency,priority_min_slack,min_slack,2733.0350421415824,0.0,2733.0350421415824,0.0,0.0,0.0,769.7766136823807,1963.2584284592017,1,3,2,55,0,True,0.014539499999999927,capital costs excluded; Eq. (1) retains UAV/UGV running costs only,All checks passed.
instance_20260110,commercial,priority_nearest,nearest,4185.074182612179,770.0,3415.07418261218,50.0,540.0,180.0,954.5230009661523,2460.5511816460275,1,3,2,62,0,True,0.0184871000000002,retain amortized hub/UAV/UGV capital costs plus running costs,All checks passed.
instance_20260110,commercial,priority_edd,edd,3520.6868113301066,590.0,2930.6868113301066,50.0,360.0,180.0,862.1498073242665,2068.53700400584,1,2,2,62,0,True,0.024407099999999904,retain amortized hub/UAV/UGV capital costs plus running costs,All checks passed.
instance_20260110,commercial,priority_min_slack,min_slack,3382.6311080981577,590.0,2792.6311080981577,50.0,360.0,180.0,862.1498073242665,1930.4813007738912,1,2,2,62,0,True,0.017117999999999967,retain amortized hub/UAV/UGV capital costs plus running costs,All checks passed.
instance_20260110,emergency,priority_nearest,nearest,3415.07418261218,0.0,3415.07418261218,0.0,0.0,0.0,954.5230009661523,2460.5511816460275,1,3,2,62,0,True,0.018436700000000084,capital costs excluded; Eq. (1) retains UAV/UGV running costs only,All checks passed.
instance_20260110,emergency,priority_edd,edd,2930.6868113301066,0.0,2930.6868113301066,0.0,0.0,0.0,862.1498073242665,2068.53700400584,1,2,2,62,0,True,0.02426769999999978,capital costs excluded; Eq. (1) retains UAV/UGV running costs only,All checks passed.
instance_20260110,emergency,priority_min_slack,min_slack,2792.6311080981577,0.0,2792.6311080981577,0.0,0.0,0.0,862.1498073242665,1930.4813007738912,1,2,2,62,0,True,0.017096400000000234,capital costs excluded; Eq. (1) retains UAV/UGV running costs only,All checks passed.
