instance,profile,method,seed,n_iter,initial_objective,objective,improvement_pct,capital_cost,running_cost,hub_cost,uav_inv_cost,ugv_inv_cost,uav_trav_cost,ugv_trav_cost,num_active_hubs,num_uav_routes,num_ugv_routes,served,unserved,feasible,valid,selected_q,time_to_best_iter,runtime_sec,wall_sec,profile_policy,cost_coefficients
instance_20260101,commercial,baseline,42,500,3506.1454,3475.820228,0.864915,590.0,2885.820228,50.0,360.0,180.0,892.940872,1992.879356,1,2,2,56,0,True,True,,407,119.89521,119.977465,retain amortized hub/UAV/UGV capital costs plus running costs,"{'cost_H': 50.0, 'cost_D_inv': 180.0, 'cost_K_inv': 90.0, 'cost_D_trav': 7.0, 'cost_K_trav': 4.0}"
instance_20260101,commercial,baseline,7,500,3506.1454,3492.818133,0.380112,590.0,2902.818133,50.0,360.0,180.0,892.940872,2009.877261,1,2,2,56,0,True,True,,418,128.791154,128.84168,retain amortized hub/UAV/UGV capital costs plus running costs,"{'cost_H': 50.0, 'cost_D_inv': 180.0, 'cost_K_inv': 90.0, 'cost_D_trav': 7.0, 'cost_K_trav': 4.0}"
instance_20260101,commercial,baseline,123,500,3506.1454,3493.254862,0.367656,590.0,2903.254862,50.0,360.0,180.0,892.940872,2010.31399,1,2,2,56,0,True,True,,395,133.112428,133.180183,retain amortized hub/UAV/UGV capital costs plus running costs,"{'cost_H': 50.0, 'cost_D_inv': 180.0, 'cost_K_inv': 90.0, 'cost_D_trav': 7.0, 'cost_K_trav': 4.0}"
instance_20260101,commercial,baseline,2024,500,3506.1454,3494.718816,0.325902,590.0,2904.718816,50.0,360.0,180.0,892.940872,2011.777944,1,2,2,56,0,True,True,,64,132.516508,132.594069,retain amortized hub/UAV/UGV capital costs plus running costs,"{'cost_H': 50.0, 'cost_D_inv': 180.0, 'cost_K_inv': 90.0, 'cost_D_trav': 7.0, 'cost_K_trav': 4.0}"
instance_20260101,commercial,baseline,99,500,3506.1454,3484.527041,0.616585,590.0,2894.527041,50.0,360.0,180.0,892.940872,2001.586169,1,2,2,56,0,True,True,,310,151.206674,151.281367,retain amortized hub/UAV/UGV capital costs plus running costs,"{'cost_H': 50.0, 'cost_D_inv': 180.0, 'cost_K_inv': 90.0, 'cost_D_trav': 7.0, 'cost_K_trav': 4.0}"
instance_20260101,commercial,s_alns,42,500,3136.705732,3136.705732,0.0,770.0,2366.705732,50.0,540.0,180.0,822.721057,1543.984675,1,3,2,56,0,True,True,8.0,0,218.16607,218.594502,retain amortized hub/UAV/UGV capital costs plus running costs,"{'cost_H': 50.0, 'cost_D_inv': 180.0, 'cost_K_inv': 90.0, 'cost_D_trav': 7.0, 'cost_K_trav': 4.0}"
instance_20260101,commercial,s_alns,7,500,3136.705732,3136.705732,0.0,770.0,2366.705732,50.0,540.0,180.0,822.721057,1543.984675,1,3,2,56,0,True,True,8.0,0,193.821289,194.019948,retain amortized hub/UAV/UGV capital costs plus running costs,"{'cost_H': 50.0, 'cost_D_inv': 180.0, 'cost_K_inv': 90.0, 'cost_D_trav': 7.0, 'cost_K_trav': 4.0}"
instance_20260101,commercial,s_alns,123,500,3136.705732,3136.705732,0.0,770.0,2366.705732,50.0,540.0,180.0,822.721057,1543.984675,1,3,2,56,0,True,True,8.0,0,192.595598,192.777006,retain amortized hub/UAV/UGV capital costs plus running costs,"{'cost_H': 50.0, 'cost_D_inv': 180.0, 'cost_K_inv': 90.0, 'cost_D_trav': 7.0, 'cost_K_trav': 4.0}"
instance_20260101,commercial,s_alns,2024,500,3136.705732,3136.705732,0.0,770.0,2366.705732,50.0,540.0,180.0,822.721057,1543.984675,1,3,2,56,0,True,True,8.0,0,199.625573,199.785027,retain amortized hub/UAV/UGV capital costs plus running costs,"{'cost_H': 50.0, 'cost_D_inv': 180.0, 'cost_K_inv': 90.0, 'cost_D_trav': 7.0, 'cost_K_trav': 4.0}"
instance_20260101,commercial,s_alns,99,500,3136.705732,3136.705732,0.0,770.0,2366.705732,50.0,540.0,180.0,822.721057,1543.984675,1,3,2,56,0,True,True,8.0,0,201.729908,201.898331,retain amortized hub/UAV/UGV capital costs plus running costs,"{'cost_H': 50.0, 'cost_D_inv': 180.0, 'cost_K_inv': 90.0, 'cost_D_trav': 7.0, 'cost_K_trav': 4.0}"
instance_20260101,emergency,baseline,42,500,2916.1454,2487.052524,14.714386,0.0,2487.052524,0.0,0.0,0.0,930.892204,1556.16032,3,4,5,56,0,True,True,,467,122.723136,122.801141,capital costs excluded; Eq. (1) retains UAV/UGV running costs only,"{'cost_H': 0.0, 'cost_D_inv': 0.0, 'cost_K_inv': 0.0, 'cost_D_trav': 7.0, 'cost_K_trav': 4.0}"
instance_20260101,emergency,baseline,7,500,2916.1454,2721.185476,6.685535,0.0,2721.185476,0.0,0.0,0.0,938.413431,1782.772046,3,5,6,56,0,True,True,,273,112.696776,112.780962,capital costs excluded; Eq. (1) retains UAV/UGV running costs only,"{'cost_H': 0.0, 'cost_D_inv': 0.0, 'cost_K_inv': 0.0, 'cost_D_trav': 7.0, 'cost_K_trav': 4.0}"
instance_20260101,emergency,baseline,123,500,2916.1454,2720.839789,6.697389,0.0,2720.839789,0.0,0.0,0.0,938.413431,1782.426358,3,5,6,56,0,True,True,,235,105.169601,105.243489,capital costs excluded; Eq. (1) retains UAV/UGV running costs only,"{'cost_H': 0.0, 'cost_D_inv': 0.0, 'cost_K_inv': 0.0, 'cost_D_trav': 7.0, 'cost_K_trav': 4.0}"
instance_20260101,emergency,baseline,2024,500,2916.1454,2786.580917,4.443005,0.0,2786.580917,0.0,0.0,0.0,915.677151,1870.903766,3,4,4,56,0,True,True,,449,121.305991,121.386001,capital costs excluded; Eq. (1) retains UAV/UGV running costs only,"{'cost_H': 0.0, 'cost_D_inv': 0.0, 'cost_K_inv': 0.0, 'cost_D_trav': 7.0, 'cost_K_trav': 4.0}"
instance_20260101,emergency,baseline,99,500,2916.1454,2685.539263,7.907909,0.0,2685.539263,0.0,0.0,0.0,911.916538,1773.622725,3,3,4,56,0,True,True,,481,136.156696,136.260662,capital costs excluded; Eq. (1) retains UAV/UGV running costs only,"{'cost_H': 0.0, 'cost_D_inv': 0.0, 'cost_K_inv': 0.0, 'cost_D_trav': 7.0, 'cost_K_trav': 4.0}"
instance_20260101,emergency,s_alns,42,500,2366.705732,2283.063483,3.534121,0.0,2283.063483,0.0,0.0,0.0,913.299466,1369.764018,7,7,10,56,0,True,True,8.0,263,205.809174,205.98277,capital costs excluded; Eq. (1) retains UAV/UGV running costs only,"{'cost_H': 0.0, 'cost_D_inv': 0.0, 'cost_K_inv': 0.0, 'cost_D_trav': 7.0, 'cost_K_trav': 4.0}"
instance_20260101,emergency,s_alns,7,500,2366.705732,2128.92489,10.046912,0.0,2128.92489,0.0,0.0,0.0,886.269015,1242.655876,7,6,9,56,0,True,True,8.0,469,222.938555,223.165807,capital costs excluded; Eq. (1) retains UAV/UGV running costs only,"{'cost_H': 0.0, 'cost_D_inv': 0.0, 'cost_K_inv': 0.0, 'cost_D_trav': 7.0, 'cost_K_trav': 4.0}"
instance_20260101,emergency,s_alns,123,500,2366.705732,2189.478073,7.488369,0.0,2189.478073,0.0,0.0,0.0,854.000118,1335.477955,7,7,8,56,0,True,True,8.0,496,203.636215,203.7987,capital costs excluded; Eq. (1) retains UAV/UGV running costs only,"{'cost_H': 0.0, 'cost_D_inv': 0.0, 'cost_K_inv': 0.0, 'cost_D_trav': 7.0, 'cost_K_trav': 4.0}"
instance_20260101,emergency,s_alns,2024,500,2366.705732,2092.54902,11.583895,0.0,2092.54902,0.0,0.0,0.0,858.215005,1234.334015,7,6,9,56,0,True,True,8.0,485,184.67833,184.901161,capital costs excluded; Eq. (1) retains UAV/UGV running costs only,"{'cost_H': 0.0, 'cost_D_inv': 0.0, 'cost_K_inv': 0.0, 'cost_D_trav': 7.0, 'cost_K_trav': 4.0}"
instance_20260101,emergency,s_alns,99,500,2366.705732,2020.539989,14.62648,0.0,2020.539989,0.0,0.0,0.0,856.431845,1164.108144,6,7,9,56,0,True,True,8.0,429,209.168076,209.339632,capital costs excluded; Eq. (1) retains UAV/UGV running costs only,"{'cost_H': 0.0, 'cost_D_inv': 0.0, 'cost_K_inv': 0.0, 'cost_D_trav': 7.0, 'cost_K_trav': 4.0}"
instance_20260102,commercial,baseline,42,500,2821.141909,2815.673653,0.193831,590.0,2225.673653,50.0,360.0,180.0,769.776614,1455.897039,1,2,2,51,0,True,True,,13,113.140636,113.212538,retain amortized hub/UAV/UGV capital costs plus running costs,"{'cost_H': 50.0, 'cost_D_inv': 180.0, 'cost_K_inv': 90.0, 'cost_D_trav': 7.0, 'cost_K_trav': 4.0}"
instance_20260102,commercial,baseline,7,500,2821.141909,2759.028514,2.201711,590.0,2169.028514,50.0,360.0,180.0,738.985549,1430.042965,1,2,2,51,0,True,True,,300,117.090733,117.164425,retain amortized hub/UAV/UGV capital costs plus running costs,"{'cost_H': 50.0, 'cost_D_inv': 180.0, 'cost_K_inv': 90.0, 'cost_D_trav': 7.0, 'cost_K_trav': 4.0}"
instance_20260102,commercial,baseline,123,500,2821.141909,2815.673653,0.193831,590.0,2225.673653,50.0,360.0,180.0,769.776614,1455.897039,1,2,2,51,0,True,True,,429,128.088056,128.205925,retain amortized hub/UAV/UGV capital costs plus running costs,"{'cost_H': 50.0, 'cost_D_inv': 180.0, 'cost_K_inv': 90.0, 'cost_D_trav': 7.0, 'cost_K_trav': 4.0}"
instance_20260102,commercial,baseline,2024,500,2821.141909,2759.028514,2.201711,590.0,2169.028514,50.0,360.0,180.0,738.985549,1430.042965,1,2,2,51,0,True,True,,367,110.400493,110.496916,retain amortized hub/UAV/UGV capital costs plus running costs,"{'cost_H': 50.0, 'cost_D_inv': 180.0, 'cost_K_inv': 90.0, 'cost_D_trav': 7.0, 'cost_K_trav': 4.0}"
instance_20260102,commercial,baseline,99,500,2821.141909,2759.028514,2.201711,590.0,2169.028514,50.0,360.0,180.0,738.985549,1430.042965,1,2,2,51,0,True,True,,179,116.346697,116.425076,retain amortized hub/UAV/UGV capital costs plus running costs,"{'cost_H': 50.0, 'cost_D_inv': 180.0, 'cost_K_inv': 90.0, 'cost_D_trav': 7.0, 'cost_K_trav': 4.0}"
instance_20260102,commercial,s_alns,42,500,2416.663365,2416.663365,0.0,500.0,1916.663365,50.0,360.0,90.0,705.189477,1211.473888,1,2,1,51,0,True,True,6.0,0,181.310772,181.477315,retain amortized hub/UAV/UGV capital costs plus running costs,"{'cost_H': 50.0, 'cost_D_inv': 180.0, 'cost_K_inv': 90.0, 'cost_D_trav': 7.0, 'cost_K_trav': 4.0}"
instance_20260102,commercial,s_alns,7,500,2416.663365,2416.663365,0.0,500.0,1916.663365,50.0,360.0,90.0,705.189477,1211.473888,1,2,1,51,0,True,True,6.0,0,198.215393,198.386769,retain amortized hub/UAV/UGV capital costs plus running costs,"{'cost_H': 50.0, 'cost_D_inv': 180.0, 'cost_K_inv': 90.0, 'cost_D_trav': 7.0, 'cost_K_trav': 4.0}"
instance_20260102,commercial,s_alns,123,500,2416.663365,2416.663365,0.0,500.0,1916.663365,50.0,360.0,90.0,705.189477,1211.473888,1,2,1,51,0,True,True,6.0,0,203.258089,203.426285,retain amortized hub/UAV/UGV capital costs plus running costs,"{'cost_H': 50.0, 'cost_D_inv': 180.0, 'cost_K_inv': 90.0, 'cost_D_trav': 7.0, 'cost_K_trav': 4.0}"
instance_20260102,commercial,s_alns,2024,500,2416.663365,2416.663365,0.0,500.0,1916.663365,50.0,360.0,90.0,705.189477,1211.473888,1,2,1,51,0,True,True,6.0,0,193.874577,194.078673,retain amortized hub/UAV/UGV capital costs plus running costs,"{'cost_H': 50.0, 'cost_D_inv': 180.0, 'cost_K_inv': 90.0, 'cost_D_trav': 7.0, 'cost_K_trav': 4.0}"
instance_20260102,commercial,s_alns,99,500,2416.663365,2411.281624,0.222693,500.0,1911.281624,50.0,360.0,90.0,705.189477,1206.092147,1,2,1,51,0,True,True,6.0,163,174.380173,174.637861,retain amortized hub/UAV/UGV capital costs plus running costs,"{'cost_H': 50.0, 'cost_D_inv': 180.0, 'cost_K_inv': 90.0, 'cost_D_trav': 7.0, 'cost_K_trav': 4.0}"
instance_20260102,emergency,baseline,42,500,2231.141909,1982.367124,11.15011,0.0,1982.367124,0.0,0.0,0.0,819.010527,1163.356597,3,5,6,51,0,True,True,,390,100.808833,100.887618,capital costs excluded; Eq. (1) retains UAV/UGV running costs only,"{'cost_H': 0.0, 'cost_D_inv': 0.0, 'cost_K_inv': 0.0, 'cost_D_trav': 7.0, 'cost_K_trav': 4.0}"
instance_20260102,emergency,baseline,7,500,2231.141909,2035.784958,8.755918,0.0,2035.784958,0.0,0.0,0.0,849.801592,1185.983366,3,4,5,51,0,True,True,,258,96.889153,96.964569,capital costs excluded; Eq. (1) retains UAV/UGV running costs only,"{'cost_H': 0.0, 'cost_D_inv': 0.0, 'cost_K_inv': 0.0, 'cost_D_trav': 7.0, 'cost_K_trav': 4.0}"
instance_20260102,emergency,baseline,123,500,2231.141909,1969.945036,11.70687,0.0,1969.945036,0.0,0.0,0.0,814.716355,1155.22868,4,5,5,51,0,True,True,,327,85.731998,85.805667,capital costs excluded; Eq. (1) retains UAV/UGV running costs only,"{'cost_H': 0.0, 'cost_D_inv': 0.0, 'cost_K_inv': 0.0, 'cost_D_trav': 7.0, 'cost_K_trav': 4.0}"
instance_20260102,emergency,baseline,2024,500,2231.141909,1942.244705,12.948401,0.0,1942.244705,0.0,0.0,0.0,812.284628,1129.960077,5,6,7,51,0,True,True,,497,98.413349,98.528888,capital costs excluded; Eq. (1) retains UAV/UGV running costs only,"{'cost_H': 0.0, 'cost_D_inv': 0.0, 'cost_K_inv': 0.0, 'cost_D_trav': 7.0, 'cost_K_trav': 4.0}"
instance_20260102,emergency,baseline,99,500,2231.141909,2013.158188,9.770052,0.0,2013.158188,0.0,0.0,0.0,849.801592,1163.356597,3,5,5,51,0,True,True,,398,105.035164,105.119877,capital costs excluded; Eq. (1) retains UAV/UGV running costs only,"{'cost_H': 0.0, 'cost_D_inv': 0.0, 'cost_K_inv': 0.0, 'cost_D_trav': 7.0, 'cost_K_trav': 4.0}"
instance_20260102,emergency,s_alns,42,500,1916.663365,1736.932074,9.377301,0.0,1736.932074,0.0,0.0,0.0,826.479667,910.452407,7,6,7,51,0,True,True,6.0,409,180.306924,180.473066,capital costs excluded; Eq. (1) retains UAV/UGV running costs only,"{'cost_H': 0.0, 'cost_D_inv': 0.0, 'cost_K_inv': 0.0, 'cost_D_trav': 7.0, 'cost_K_trav': 4.0}"
instance_20260102,emergency,s_alns,7,500,1916.663365,1758.307196,8.262075,0.0,1758.307196,0.0,0.0,0.0,868.702153,889.605043,6,3,7,51,0,True,True,6.0,409,196.871999,197.030446,capital costs excluded; Eq. (1) retains UAV/UGV running costs only,"{'cost_H': 0.0, 'cost_D_inv': 0.0, 'cost_K_inv': 0.0, 'cost_D_trav': 7.0, 'cost_K_trav': 4.0}"
instance_20260102,emergency,s_alns,123,500,1916.663365,1731.588494,9.656097,0.0,1731.588494,0.0,0.0,0.0,841.863466,889.725028,6,5,7,51,0,True,True,6.0,173,195.911038,196.071762,capital costs excluded; Eq. (1) retains UAV/UGV running costs only,"{'cost_H': 0.0, 'cost_D_inv': 0.0, 'cost_K_inv': 0.0, 'cost_D_trav': 7.0, 'cost_K_trav': 4.0}"
instance_20260102,emergency,s_alns,2024,500,1916.663365,1759.030523,8.224336,0.0,1759.030523,0.0,0.0,0.0,821.774779,937.255744,7,7,8,51,0,True,True,6.0,424,165.456722,165.621526,capital costs excluded; Eq. (1) retains UAV/UGV running costs only,"{'cost_H': 0.0, 'cost_D_inv': 0.0, 'cost_K_inv': 0.0, 'cost_D_trav': 7.0, 'cost_K_trav': 4.0}"
instance_20260102,emergency,s_alns,99,500,1916.663365,1831.993742,4.417553,0.0,1831.993742,0.0,0.0,0.0,824.468276,1007.525466,7,7,9,51,0,True,True,6.0,421,197.614263,197.774482,capital costs excluded; Eq. (1) retains UAV/UGV running costs only,"{'cost_H': 0.0, 'cost_D_inv': 0.0, 'cost_K_inv': 0.0, 'cost_D_trav': 7.0, 'cost_K_trav': 4.0}"
instance_20260103,commercial,baseline,42,500,4594.884066,4545.621759,1.072112,1130.0,3415.621759,50.0,900.0,180.0,800.567678,2615.054081,1,5,2,55,0,True,True,,93,110.75652,110.84843,retain amortized hub/UAV/UGV capital costs plus running costs,"{'cost_H': 50.0, 'cost_D_inv': 180.0, 'cost_K_inv': 90.0, 'cost_D_trav': 7.0, 'cost_K_trav': 4.0}"
instance_20260103,commercial,baseline,7,500,4594.884066,4564.095569,0.67006,1130.0,3434.095569,50.0,900.0,180.0,800.567678,2633.527891,1,5,2,55,0,True,True,,479,142.678088,142.798862,retain amortized hub/UAV/UGV capital costs plus running costs,"{'cost_H': 50.0, 'cost_D_inv': 180.0, 'cost_K_inv': 90.0, 'cost_D_trav': 7.0, 'cost_K_trav': 4.0}"
instance_20260103,commercial,baseline,123,500,4594.884066,4564.095569,0.67006,1130.0,3434.095569,50.0,900.0,180.0,800.567678,2633.527891,1,5,2,55,0,True,True,,304,143.96408,144.05103,retain amortized hub/UAV/UGV capital costs plus running costs,"{'cost_H': 50.0, 'cost_D_inv': 180.0, 'cost_K_inv': 90.0, 'cost_D_trav': 7.0, 'cost_K_trav': 4.0}"
instance_20260103,commercial,baseline,2024,500,4594.884066,4558.325801,0.79563,1130.0,3428.325801,50.0,900.0,180.0,800.567678,2627.758123,1,5,2,55,0,True,True,,427,141.693812,141.770291,retain amortized hub/UAV/UGV capital costs plus running costs,"{'cost_H': 50.0, 'cost_D_inv': 180.0, 'cost_K_inv': 90.0, 'cost_D_trav': 7.0, 'cost_K_trav': 4.0}"
instance_20260103,commercial,baseline,99,500,4594.884066,4545.621759,1.072112,1130.0,3415.621759,50.0,900.0,180.0,800.567678,2615.054081,1,5,2,55,0,True,True,,369,120.949996,121.027535,retain amortized hub/UAV/UGV capital costs plus running costs,"{'cost_H': 50.0, 'cost_D_inv': 180.0, 'cost_K_inv': 90.0, 'cost_D_trav': 7.0, 'cost_K_trav': 4.0}"
instance_20260103,commercial,s_alns,42,500,3810.125702,3783.060835,0.710341,770.0,3013.060835,50.0,540.0,180.0,675.761278,2337.299557,1,3,2,55,0,True,True,8.0,361,195.003229,195.163787,retain amortized hub/UAV/UGV capital costs plus running costs,"{'cost_H': 50.0, 'cost_D_inv': 180.0, 'cost_K_inv': 90.0, 'cost_D_trav': 7.0, 'cost_K_trav': 4.0}"
instance_20260103,commercial,s_alns,7,500,3810.125702,3810.125702,0.0,770.0,3040.125702,50.0,540.0,180.0,702.79173,2337.333973,1,3,2,55,0,True,True,8.0,0,193.703933,193.910481,retain amortized hub/UAV/UGV capital costs plus running costs,"{'cost_H': 50.0, 'cost_D_inv': 180.0, 'cost_K_inv': 90.0, 'cost_D_trav': 7.0, 'cost_K_trav': 4.0}"
instance_20260103,commercial,s_alns,123,500,3810.125702,3810.125702,0.0,770.0,3040.125702,50.0,540.0,180.0,702.79173,2337.333973,1,3,2,55,0,True,True,8.0,0,201.733133,201.898369,retain amortized hub/UAV/UGV capital costs plus running costs,"{'cost_H': 50.0, 'cost_D_inv': 180.0, 'cost_K_inv': 90.0, 'cost_D_trav': 7.0, 'cost_K_trav': 4.0}"
instance_20260103,commercial,s_alns,2024,500,3810.125702,3810.125702,0.0,770.0,3040.125702,50.0,540.0,180.0,702.79173,2337.333973,1,3,2,55,0,True,True,8.0,0,213.256237,213.42028,retain amortized hub/UAV/UGV capital costs plus running costs,"{'cost_H': 50.0, 'cost_D_inv': 180.0, 'cost_K_inv': 90.0, 'cost_D_trav': 7.0, 'cost_K_trav': 4.0}"
instance_20260103,commercial,s_alns,99,500,3810.125702,3809.768252,0.009382,770.0,3039.768252,50.0,540.0,180.0,702.79173,2336.976522,1,3,2,55,0,True,True,8.0,203,216.172689,216.268237,retain amortized hub/UAV/UGV capital costs plus running costs,"{'cost_H': 50.0, 'cost_D_inv': 180.0, 'cost_K_inv': 90.0, 'cost_D_trav': 7.0, 'cost_K_trav': 4.0}"
instance_20260103,emergency,baseline,42,500,3464.884066,3231.769557,6.727917,0.0,3231.769557,0.0,0.0,0.0,820.338671,2411.430885,3,6,5,55,0,True,True,,494,55.466034,55.501232,capital costs excluded; Eq. (1) retains UAV/UGV running costs only,"{'cost_H': 0.0, 'cost_D_inv': 0.0, 'cost_K_inv': 0.0, 'cost_D_trav': 7.0, 'cost_K_trav': 4.0}"
instance_20260103,emergency,baseline,7,500,3464.884066,3243.201987,6.397965,0.0,3243.201987,0.0,0.0,0.0,846.835564,2396.366422,3,6,4,55,0,True,True,,492,58.600603,58.637594,capital costs excluded; Eq. (1) retains UAV/UGV running costs only,"{'cost_H': 0.0, 'cost_D_inv': 0.0, 'cost_K_inv': 0.0, 'cost_D_trav': 7.0, 'cost_K_trav': 4.0}"
instance_20260103,emergency,baseline,123,500,3464.884066,3315.622195,4.307846,0.0,3315.622195,0.0,0.0,0.0,824.632843,2490.989352,3,6,4,55,0,True,True,,407,116.552197,116.631766,capital costs excluded; Eq. (1) retains UAV/UGV running costs only,"{'cost_H': 0.0, 'cost_D_inv': 0.0, 'cost_K_inv': 0.0, 'cost_D_trav': 7.0, 'cost_K_trav': 4.0}"
instance_20260103,emergency,baseline,2024,500,3464.884066,3317.906969,4.241905,0.0,3317.906969,0.0,0.0,0.0,796.273506,2521.633462,2,5,3,55,0,True,True,,370,138.657239,138.734289,capital costs excluded; Eq. (1) retains UAV/UGV running costs only,"{'cost_H': 0.0, 'cost_D_inv': 0.0, 'cost_K_inv': 0.0, 'cost_D_trav': 7.0, 'cost_K_trav': 4.0}"
instance_20260103,emergency,baseline,99,500,3464.884066,3264.112925,5.794455,0.0,3264.112925,0.0,0.0,0.0,820.338671,2443.774253,3,6,4,55,0,True,True,,183,138.092944,138.210966,capital costs excluded; Eq. (1) retains UAV/UGV running costs only,"{'cost_H': 0.0, 'cost_D_inv': 0.0, 'cost_K_inv': 0.0, 'cost_D_trav': 7.0, 'cost_K_trav': 4.0}"
instance_20260103,emergency,s_alns,42,500,3040.125702,2398.532472,21.104168,0.0,2398.532472,0.0,0.0,0.0,813.369627,1585.162845,7,7,10,55,0,True,True,8.0,304,206.194866,206.364124,capital costs excluded; Eq. (1) retains UAV/UGV running costs only,"{'cost_H': 0.0, 'cost_D_inv': 0.0, 'cost_K_inv': 0.0, 'cost_D_trav': 7.0, 'cost_K_trav': 4.0}"
instance_20260103,emergency,s_alns,7,500,3040.125702,2589.53466,14.821461,0.0,2589.53466,0.0,0.0,0.0,752.89034,1836.64432,7,6,9,55,0,True,True,8.0,230,224.624571,224.795964,capital costs excluded; Eq. (1) retains UAV/UGV running costs only,"{'cost_H': 0.0, 'cost_D_inv': 0.0, 'cost_K_inv': 0.0, 'cost_D_trav': 7.0, 'cost_K_trav': 4.0}"
instance_20260103,emergency,s_alns,123,500,3040.125702,2430.642163,20.047972,0.0,2430.642163,0.0,0.0,0.0,752.356782,1678.285381,7,6,9,55,0,True,True,8.0,459,200.955005,201.113868,capital costs excluded; Eq. (1) retains UAV/UGV running costs only,"{'cost_H': 0.0, 'cost_D_inv': 0.0, 'cost_K_inv': 0.0, 'cost_D_trav': 7.0, 'cost_K_trav': 4.0}"
instance_20260103,emergency,s_alns,2024,500,3040.125702,2423.901627,20.269691,0.0,2423.901627,0.0,0.0,0.0,783.112121,1640.789506,7,7,9,55,0,True,True,8.0,494,194.70285,194.859904,capital costs excluded; Eq. (1) retains UAV/UGV running costs only,"{'cost_H': 0.0, 'cost_D_inv': 0.0, 'cost_K_inv': 0.0, 'cost_D_trav': 7.0, 'cost_K_trav': 4.0}"
instance_20260103,emergency,s_alns,99,500,3040.125702,2425.617305,20.213256,0.0,2425.617305,0.0,0.0,0.0,836.639465,1588.97784,7,7,9,55,0,True,True,8.0,398,228.703901,228.921339,capital costs excluded; Eq. (1) retains UAV/UGV running costs only,"{'cost_H': 0.0, 'cost_D_inv': 0.0, 'cost_K_inv': 0.0, 'cost_D_trav': 7.0, 'cost_K_trav': 4.0}"
instance_20260104,commercial,baseline,42,500,4030.061871,4029.78175,0.006951,1130.0,2899.78175,50.0,900.0,180.0,831.358743,2068.423007,1,5,2,52,0,True,True,,26,121.732969,121.807486,retain amortized hub/UAV/UGV capital costs plus running costs,"{'cost_H': 50.0, 'cost_D_inv': 180.0, 'cost_K_inv': 90.0, 'cost_D_trav': 7.0, 'cost_K_trav': 4.0}"
instance_20260104,commercial,baseline,7,500,4030.061871,3927.402129,2.547349,1130.0,2797.402129,50.0,900.0,180.0,800.567678,1996.834451,1,5,2,52,0,True,True,,55,120.113157,120.209031,retain amortized hub/UAV/UGV capital costs plus running costs,"{'cost_H': 50.0, 'cost_D_inv': 180.0, 'cost_K_inv': 90.0, 'cost_D_trav': 7.0, 'cost_K_trav': 4.0}"
instance_20260104,commercial,baseline,123,500,4030.061871,3927.402129,2.547349,1130.0,2797.402129,50.0,900.0,180.0,800.567678,1996.834451,1,5,2,52,0,True,True,,220,121.188734,121.264543,retain amortized hub/UAV/UGV capital costs plus running costs,"{'cost_H': 50.0, 'cost_D_inv': 180.0, 'cost_K_inv': 90.0, 'cost_D_trav': 7.0, 'cost_K_trav': 4.0}"
instance_20260104,commercial,baseline,2024,500,4030.061871,3927.402129,2.547349,1130.0,2797.402129,50.0,900.0,180.0,800.567678,1996.834451,1,5,2,52,0,True,True,,258,118.545629,118.633202,retain amortized hub/UAV/UGV capital costs plus running costs,"{'cost_H': 50.0, 'cost_D_inv': 180.0, 'cost_K_inv': 90.0, 'cost_D_trav': 7.0, 'cost_K_trav': 4.0}"
instance_20260104,commercial,baseline,99,500,4030.061871,4029.78175,0.006951,1130.0,2899.78175,50.0,900.0,180.0,831.358743,2068.423007,1,5,2,52,0,True,True,,33,112.379212,112.452364,retain amortized hub/UAV/UGV capital costs plus running costs,"{'cost_H': 50.0, 'cost_D_inv': 180.0, 'cost_K_inv': 90.0, 'cost_D_trav': 7.0, 'cost_K_trav': 4.0}"
instance_20260104,commercial,s_alns,42,500,3572.345876,3572.345876,0.0,590.0,2982.345876,50.0,360.0,180.0,675.761278,2306.584598,1,2,2,52,0,True,True,8.0,0,174.838042,174.993705,retain amortized hub/UAV/UGV capital costs plus running costs,"{'cost_H': 50.0, 'cost_D_inv': 180.0, 'cost_K_inv': 90.0, 'cost_D_trav': 7.0, 'cost_K_trav': 4.0}"
instance_20260104,commercial,s_alns,7,500,3572.345876,3572.345876,0.0,590.0,2982.345876,50.0,360.0,180.0,675.761278,2306.584598,1,2,2,52,0,True,True,8.0,0,184.207372,184.359614,retain amortized hub/UAV/UGV capital costs plus running costs,"{'cost_H': 50.0, 'cost_D_inv': 180.0, 'cost_K_inv': 90.0, 'cost_D_trav': 7.0, 'cost_K_trav': 4.0}"
instance_20260104,commercial,s_alns,123,500,3572.345876,3565.168019,0.200928,590.0,2975.168019,50.0,360.0,180.0,675.761278,2299.40674,1,2,2,52,0,True,True,8.0,81,152.660077,152.891729,retain amortized hub/UAV/UGV capital costs plus running costs,"{'cost_H': 50.0, 'cost_D_inv': 180.0, 'cost_K_inv': 90.0, 'cost_D_trav': 7.0, 'cost_K_trav': 4.0}"
instance_20260104,commercial,s_alns,2024,500,3572.345876,3564.356506,0.223645,590.0,2974.356506,50.0,360.0,180.0,675.761278,2298.595227,1,2,2,52,0,True,True,8.0,122,161.851521,162.011428,retain amortized hub/UAV/UGV capital costs plus running costs,"{'cost_H': 50.0, 'cost_D_inv': 180.0, 'cost_K_inv': 90.0, 'cost_D_trav': 7.0, 'cost_K_trav': 4.0}"
instance_20260104,commercial,s_alns,99,500,3572.345876,3564.356506,0.223645,590.0,2974.356506,50.0,360.0,180.0,675.761278,2298.595227,1,2,2,52,0,True,True,8.0,402,175.047723,175.249989,retain amortized hub/UAV/UGV capital costs plus running costs,"{'cost_H': 50.0, 'cost_D_inv': 180.0, 'cost_K_inv': 90.0, 'cost_D_trav': 7.0, 'cost_K_trav': 4.0}"
instance_20260104,emergency,baseline,42,500,2900.061871,2703.137318,6.790357,0.0,2703.137318,0.0,0.0,0.0,851.663294,1851.474024,4,6,5,52,0,True,True,,391,90.788796,90.864514,capital costs excluded; Eq. (1) retains UAV/UGV running costs only,"{'cost_H': 0.0, 'cost_D_inv': 0.0, 'cost_K_inv': 0.0, 'cost_D_trav': 7.0, 'cost_K_trav': 4.0}"
instance_20260104,emergency,baseline,7,500,2900.061871,2856.315894,1.50845,0.0,2856.315894,0.0,0.0,0.0,851.663294,2004.6526,4,5,5,52,0,True,True,,64,98.6728,98.748172,capital costs excluded; Eq. (1) retains UAV/UGV running costs only,"{'cost_H': 0.0, 'cost_D_inv': 0.0, 'cost_K_inv': 0.0, 'cost_D_trav': 7.0, 'cost_K_trav': 4.0}"
instance_20260104,emergency,baseline,123,500,2900.061871,2754.013009,5.03606,0.0,2754.013009,0.0,0.0,0.0,798.13595,1955.877059,2,5,3,52,0,True,True,,228,117.459382,117.530809,capital costs excluded; Eq. (1) retains UAV/UGV running costs only,"{'cost_H': 0.0, 'cost_D_inv': 0.0, 'cost_K_inv': 0.0, 'cost_D_trav': 7.0, 'cost_K_trav': 4.0}"
instance_20260104,emergency,baseline,2024,500,2900.061871,2848.01786,1.794583,0.0,2848.01786,0.0,0.0,0.0,851.663294,1996.354565,4,6,5,52,0,True,True,,284,103.306153,103.386297,capital costs excluded; Eq. (1) retains UAV/UGV running costs only,"{'cost_H': 0.0, 'cost_D_inv': 0.0, 'cost_K_inv': 0.0, 'cost_D_trav': 7.0, 'cost_K_trav': 4.0}"
instance_20260104,emergency,baseline,99,500,2900.061871,2718.66856,6.254808,0.0,2718.66856,0.0,0.0,0.0,876.262018,1842.406542,4,6,5,52,0,True,True,,301,85.898604,85.97813,capital costs excluded; Eq. (1) retains UAV/UGV running costs only,"{'cost_H': 0.0, 'cost_D_inv': 0.0, 'cost_K_inv': 0.0, 'cost_D_trav': 7.0, 'cost_K_trav': 4.0}"
instance_20260104,emergency,s_alns,42,500,2982.345876,1955.445324,34.432644,0.0,1955.445324,0.0,0.0,0.0,755.05102,1200.394304,7,6,10,52,0,True,True,8.0,433,154.43973,154.643145,capital costs excluded; Eq. (1) retains UAV/UGV running costs only,"{'cost_H': 0.0, 'cost_D_inv': 0.0, 'cost_K_inv': 0.0, 'cost_D_trav': 7.0, 'cost_K_trav': 4.0}"
instance_20260104,emergency,s_alns,7,500,2982.345876,1988.08414,33.338244,0.0,1988.08414,0.0,0.0,0.0,872.818264,1115.265876,7,7,11,52,0,True,True,8.0,316,202.353042,202.579375,capital costs excluded; Eq. (1) retains UAV/UGV running costs only,"{'cost_H': 0.0, 'cost_D_inv': 0.0, 'cost_K_inv': 0.0, 'cost_D_trav': 7.0, 'cost_K_trav': 4.0}"
instance_20260104,emergency,s_alns,123,500,2982.345876,2302.529998,22.794669,0.0,2302.529998,0.0,0.0,0.0,842.298248,1460.23175,7,7,10,52,0,True,True,8.0,496,181.68956,181.844386,capital costs excluded; Eq. (1) retains UAV/UGV running costs only,"{'cost_H': 0.0, 'cost_D_inv': 0.0, 'cost_K_inv': 0.0, 'cost_D_trav': 7.0, 'cost_K_trav': 4.0}"
instance_20260104,emergency,s_alns,2024,500,2982.345876,2288.951485,23.249966,0.0,2288.951485,0.0,0.0,0.0,754.752784,1534.1987,7,7,9,52,0,True,True,8.0,184,186.922719,187.085256,capital costs excluded; Eq. (1) retains UAV/UGV running costs only,"{'cost_H': 0.0, 'cost_D_inv': 0.0, 'cost_K_inv': 0.0, 'cost_D_trav': 7.0, 'cost_K_trav': 4.0}"
instance_20260104,emergency,s_alns,99,500,2982.345876,2371.439657,20.484083,0.0,2371.439657,0.0,0.0,0.0,815.801355,1555.638302,7,6,10,52,0,True,True,8.0,405,188.573473,188.738116,capital costs excluded; Eq. (1) retains UAV/UGV running costs only,"{'cost_H': 0.0, 'cost_D_inv': 0.0, 'cost_K_inv': 0.0, 'cost_D_trav': 7.0, 'cost_K_trav': 4.0}"
instance_20260105,commercial,baseline,42,500,3800.207888,3532.911536,7.03373,950.0,2582.911536,50.0,720.0,180.0,677.40342,1905.508116,1,4,2,58,0,True,True,,328,130.025706,130.100284,retain amortized hub/UAV/UGV capital costs plus running costs,"{'cost_H': 50.0, 'cost_D_inv': 180.0, 'cost_K_inv': 90.0, 'cost_D_trav': 7.0, 'cost_K_trav': 4.0}"
instance_20260105,commercial,baseline,7,500,3800.207888,3556.93914,6.401459,950.0,2606.93914,50.0,720.0,180.0,677.40342,1929.53572,1,4,2,58,0,True,True,,360,124.604337,124.677803,retain amortized hub/UAV/UGV capital costs plus running costs,"{'cost_H': 50.0, 'cost_D_inv': 180.0, 'cost_K_inv': 90.0, 'cost_D_trav': 7.0, 'cost_K_trav': 4.0}"
instance_20260105,commercial,baseline,123,500,3800.207888,3350.633778,11.83025,770.0,2580.633778,50.0,540.0,180.0,677.40342,1903.230358,1,3,2,58,0,True,True,,387,117.811208,117.894855,retain amortized hub/UAV/UGV capital costs plus running costs,"{'cost_H': 50.0, 'cost_D_inv': 180.0, 'cost_K_inv': 90.0, 'cost_D_trav': 7.0, 'cost_K_trav': 4.0}"
instance_20260105,commercial,baseline,2024,500,3800.207888,3587.11677,5.607354,950.0,2637.11677,50.0,720.0,180.0,677.40342,1959.71335,1,4,2,58,0,True,True,,308,118.819686,118.893035,retain amortized hub/UAV/UGV capital costs plus running costs,"{'cost_H': 50.0, 'cost_D_inv': 180.0, 'cost_K_inv': 90.0, 'cost_D_trav': 7.0, 'cost_K_trav': 4.0}"
instance_20260105,commercial,baseline,99,500,3800.207888,3509.448642,7.651141,950.0,2559.448642,50.0,720.0,180.0,677.40342,1882.045222,1,4,2,58,0,True,True,,487,118.667748,118.743595,retain amortized hub/UAV/UGV capital costs plus running costs,"{'cost_H': 50.0, 'cost_D_inv': 180.0, 'cost_K_inv': 90.0, 'cost_D_trav': 7.0, 'cost_K_trav': 4.0}"
instance_20260105,commercial,s_alns,42,500,3182.86925,3182.86925,0.0,770.0,2412.86925,50.0,540.0,180.0,646.423687,1766.445562,1,3,2,58,0,True,True,7.0,0,203.787533,203.949595,retain amortized hub/UAV/UGV capital costs plus running costs,"{'cost_H': 50.0, 'cost_D_inv': 180.0, 'cost_K_inv': 90.0, 'cost_D_trav': 7.0, 'cost_K_trav': 4.0}"
instance_20260105,commercial,s_alns,7,500,3182.86925,3182.86925,0.0,770.0,2412.86925,50.0,540.0,180.0,646.423687,1766.445562,1,3,2,58,0,True,True,7.0,0,171.91603,172.082014,retain amortized hub/UAV/UGV capital costs plus running costs,"{'cost_H': 50.0, 'cost_D_inv': 180.0, 'cost_K_inv': 90.0, 'cost_D_trav': 7.0, 'cost_K_trav': 4.0}"
instance_20260105,commercial,s_alns,123,500,3182.86925,3180.28032,0.08134,770.0,2410.28032,50.0,540.0,180.0,646.423687,1763.856632,1,3,2,58,0,True,True,7.0,84,204.669195,204.841885,retain amortized hub/UAV/UGV capital costs plus running costs,"{'cost_H': 50.0, 'cost_D_inv': 180.0, 'cost_K_inv': 90.0, 'cost_D_trav': 7.0, 'cost_K_trav': 4.0}"
instance_20260105,commercial,s_alns,2024,500,3182.86925,3136.852188,1.445773,770.0,2366.852188,50.0,540.0,180.0,646.423687,1720.428501,1,3,2,58,0,True,True,7.0,322,152.356155,152.527989,retain amortized hub/UAV/UGV capital costs plus running costs,"{'cost_H': 50.0, 'cost_D_inv': 180.0, 'cost_K_inv': 90.0, 'cost_D_trav': 7.0, 'cost_K_trav': 4.0}"
instance_20260105,commercial,s_alns,99,500,3182.86925,3182.86925,0.0,770.0,2412.86925,50.0,540.0,180.0,646.423687,1766.445562,1,3,2,58,0,True,True,7.0,0,192.598374,192.771193,retain amortized hub/UAV/UGV capital costs plus running costs,"{'cost_H': 50.0, 'cost_D_inv': 180.0, 'cost_K_inv': 90.0, 'cost_D_trav': 7.0, 'cost_K_trav': 4.0}"
instance_20260105,emergency,baseline,42,500,2850.207888,2526.959882,11.341208,0.0,2526.959882,0.0,0.0,0.0,754.995929,1771.963953,4,4,5,58,0,True,True,,410,82.496158,82.575816,capital costs excluded; Eq. (1) retains UAV/UGV running costs only,"{'cost_H': 0.0, 'cost_D_inv': 0.0, 'cost_K_inv': 0.0, 'cost_D_trav': 7.0, 'cost_K_trav': 4.0}"
instance_20260105,emergency,baseline,7,500,2850.207888,2500.55041,12.267789,0.0,2500.55041,0.0,0.0,0.0,700.139699,1800.41071,3,4,4,58,0,True,True,,410,101.360377,101.44574,capital costs excluded; Eq. (1) retains UAV/UGV running costs only,"{'cost_H': 0.0, 'cost_D_inv': 0.0, 'cost_K_inv': 0.0, 'cost_D_trav': 7.0, 'cost_K_trav': 4.0}"
instance_20260105,emergency,baseline,123,500,2850.207888,2444.817821,14.223175,0.0,2444.817821,0.0,0.0,0.0,750.701757,1694.116064,4,7,7,58,0,True,True,,349,93.481302,93.558001,capital costs excluded; Eq. (1) retains UAV/UGV running costs only,"{'cost_H': 0.0, 'cost_D_inv': 0.0, 'cost_K_inv': 0.0, 'cost_D_trav': 7.0, 'cost_K_trav': 4.0}"
instance_20260105,emergency,baseline,2024,500,2850.207888,2487.052553,12.741363,0.0,2487.052553,0.0,0.0,0.0,702.002143,1785.05041,3,3,4,58,0,True,True,,414,106.764705,106.850065,capital costs excluded; Eq. (1) retains UAV/UGV running costs only,"{'cost_H': 0.0, 'cost_D_inv': 0.0, 'cost_K_inv': 0.0, 'cost_D_trav': 7.0, 'cost_K_trav': 4.0}"
instance_20260105,emergency,baseline,99,500,2850.207888,2491.196597,12.595969,0.0,2491.196597,0.0,0.0,0.0,754.995929,1736.200668,4,6,6,58,0,True,True,,250,100.131791,100.228092,capital costs excluded; Eq. (1) retains UAV/UGV running costs only,"{'cost_H': 0.0, 'cost_D_inv': 0.0, 'cost_K_inv': 0.0, 'cost_D_trav': 7.0, 'cost_K_trav': 4.0}"
instance_20260105,emergency,s_alns,42,500,2412.86925,2139.126186,11.345126,0.0,2139.126186,0.0,0.0,0.0,736.389254,1402.736932,6,6,9,58,0,True,True,7.0,462,152.216071,152.358532,capital costs excluded; Eq. (1) retains UAV/UGV running costs only,"{'cost_H': 0.0, 'cost_D_inv': 0.0, 'cost_K_inv': 0.0, 'cost_D_trav': 7.0, 'cost_K_trav': 4.0}"
instance_20260105,emergency,s_alns,7,500,2412.86925,2147.122601,11.013719,0.0,2147.122601,0.0,0.0,0.0,743.115154,1404.007448,7,6,9,58,0,True,True,7.0,402,165.421122,165.560277,capital costs excluded; Eq. (1) retains UAV/UGV running costs only,"{'cost_H': 0.0, 'cost_D_inv': 0.0, 'cost_K_inv': 0.0, 'cost_D_trav': 7.0, 'cost_K_trav': 4.0}"
instance_20260105,emergency,s_alns,123,500,2412.86925,1825.3849,24.347956,0.0,1825.3849,0.0,0.0,0.0,783.856721,1041.528179,7,8,11,58,0,True,True,7.0,485,202.29645,202.475215,capital costs excluded; Eq. (1) retains UAV/UGV running costs only,"{'cost_H': 0.0, 'cost_D_inv': 0.0, 'cost_K_inv': 0.0, 'cost_D_trav': 7.0, 'cost_K_trav': 4.0}"
instance_20260105,emergency,s_alns,2024,500,2412.86925,2086.1149,13.542149,0.0,2086.1149,0.0,0.0,0.0,790.993336,1295.121564,7,8,11,58,0,True,True,7.0,478,191.265905,191.437149,capital costs excluded; Eq. (1) retains UAV/UGV running costs only,"{'cost_H': 0.0, 'cost_D_inv': 0.0, 'cost_K_inv': 0.0, 'cost_D_trav': 7.0, 'cost_K_trav': 4.0}"
instance_20260105,emergency,s_alns,99,500,2412.86925,2131.848128,11.646761,0.0,2131.848128,0.0,0.0,0.0,768.203877,1363.644251,7,5,8,58,0,True,True,7.0,304,175.305949,175.474951,capital costs excluded; Eq. (1) retains UAV/UGV running costs only,"{'cost_H': 0.0, 'cost_D_inv': 0.0, 'cost_K_inv': 0.0, 'cost_D_trav': 7.0, 'cost_K_trav': 4.0}"
instance_20260106,commercial,baseline,42,500,3942.970569,3936.042935,0.175696,1130.0,2806.042935,50.0,900.0,180.0,923.731936,1882.310998,1,5,2,54,0,True,True,,493,141.22408,141.296668,retain amortized hub/UAV/UGV capital costs plus running costs,"{'cost_H': 50.0, 'cost_D_inv': 180.0, 'cost_K_inv': 90.0, 'cost_D_trav': 7.0, 'cost_K_trav': 4.0}"
instance_20260106,commercial,baseline,7,500,3942.970569,3936.042935,0.175696,1130.0,2806.042935,50.0,900.0,180.0,923.731936,1882.310998,1,5,2,54,0,True,True,,307,138.478374,138.551144,retain amortized hub/UAV/UGV capital costs plus running costs,"{'cost_H': 50.0, 'cost_D_inv': 180.0, 'cost_K_inv': 90.0, 'cost_D_trav': 7.0, 'cost_K_trav': 4.0}"
instance_20260106,commercial,baseline,123,500,3942.970569,3892.86136,1.270849,1130.0,2762.86136,50.0,900.0,180.0,892.940872,1869.920488,1,5,2,54,0,True,True,,261,120.464301,120.534827,retain amortized hub/UAV/UGV capital costs plus running costs,"{'cost_H': 50.0, 'cost_D_inv': 180.0, 'cost_K_inv': 90.0, 'cost_D_trav': 7.0, 'cost_K_trav': 4.0}"
instance_20260106,commercial,baseline,2024,500,3942.970569,3939.45465,0.089169,1130.0,2809.45465,50.0,900.0,180.0,923.731936,1885.722714,1,5,2,54,0,True,True,,334,134.007059,134.110813,retain amortized hub/UAV/UGV capital costs plus running costs,"{'cost_H': 50.0, 'cost_D_inv': 180.0, 'cost_K_inv': 90.0, 'cost_D_trav': 7.0, 'cost_K_trav': 4.0}"
instance_20260106,commercial,baseline,99,500,3942.970569,3889.091948,1.366447,1130.0,2759.091948,50.0,900.0,180.0,892.940872,1866.151076,1,5,2,54,0,True,True,,484,117.282003,117.327297,retain amortized hub/UAV/UGV capital costs plus running costs,"{'cost_H': 50.0, 'cost_D_inv': 180.0, 'cost_K_inv': 90.0, 'cost_D_trav': 7.0, 'cost_K_trav': 4.0}"
instance_20260106,commercial,s_alns,42,500,3169.62071,3169.62071,0.0,950.0,2219.62071,50.0,720.0,180.0,793.338162,1426.282548,1,4,2,54,0,True,True,8.0,0,170.918691,171.050209,retain amortized hub/UAV/UGV capital costs plus running costs,"{'cost_H': 50.0, 'cost_D_inv': 180.0, 'cost_K_inv': 90.0, 'cost_D_trav': 7.0, 'cost_K_trav': 4.0}"
instance_20260106,commercial,s_alns,7,500,3169.62071,3155.494683,0.445669,950.0,2205.494683,50.0,720.0,180.0,793.338162,1412.156521,1,4,2,54,0,True,True,8.0,442,195.267816,195.424292,retain amortized hub/UAV/UGV capital costs plus running costs,"{'cost_H': 50.0, 'cost_D_inv': 180.0, 'cost_K_inv': 90.0, 'cost_D_trav': 7.0, 'cost_K_trav': 4.0}"
instance_20260106,commercial,s_alns,123,500,3169.62071,3169.62071,0.0,950.0,2219.62071,50.0,720.0,180.0,793.338162,1426.282548,1,4,2,54,0,True,True,8.0,0,181.013496,181.17597,retain amortized hub/UAV/UGV capital costs plus running costs,"{'cost_H': 50.0, 'cost_D_inv': 180.0, 'cost_K_inv': 90.0, 'cost_D_trav': 7.0, 'cost_K_trav': 4.0}"
instance_20260106,commercial,s_alns,2024,500,3169.62071,3169.62071,0.0,950.0,2219.62071,50.0,720.0,180.0,793.338162,1426.282548,1,4,2,54,0,True,True,8.0,0,197.130533,197.295431,retain amortized hub/UAV/UGV capital costs plus running costs,"{'cost_H': 50.0, 'cost_D_inv': 180.0, 'cost_K_inv': 90.0, 'cost_D_trav': 7.0, 'cost_K_trav': 4.0}"
instance_20260106,commercial,s_alns,99,500,3169.62071,3169.62071,0.0,950.0,2219.62071,50.0,720.0,180.0,793.338162,1426.282548,1,4,2,54,0,True,True,8.0,0,163.775471,163.933541,retain amortized hub/UAV/UGV capital costs plus running costs,"{'cost_H': 50.0, 'cost_D_inv': 180.0, 'cost_K_inv': 90.0, 'cost_D_trav': 7.0, 'cost_K_trav': 4.0}"
instance_20260106,emergency,baseline,42,500,2812.970569,2415.746557,14.121158,0.0,2415.746557,0.0,0.0,0.0,912.450096,1503.296461,2,6,3,54,0,True,True,,436,139.594427,139.664841,capital costs excluded; Eq. (1) retains UAV/UGV running costs only,"{'cost_H': 0.0, 'cost_D_inv': 0.0, 'cost_K_inv': 0.0, 'cost_D_trav': 7.0, 'cost_K_trav': 4.0}"
instance_20260106,emergency,baseline,7,500,2812.970569,2311.908069,17.812575,0.0,2311.908069,0.0,0.0,0.0,873.070688,1438.837381,3,8,6,54,0,True,True,,392,97.54126,97.644828,capital costs excluded; Eq. (1) retains UAV/UGV running costs only,"{'cost_H': 0.0, 'cost_D_inv': 0.0, 'cost_K_inv': 0.0, 'cost_D_trav': 7.0, 'cost_K_trav': 4.0}"
instance_20260106,emergency,baseline,123,500,2812.970569,2412.230638,14.246147,0.0,2412.230638,0.0,0.0,0.0,912.450096,1499.780542,2,6,4,54,0,True,True,,272,110.969115,111.043645,capital costs excluded; Eq. (1) retains UAV/UGV running costs only,"{'cost_H': 0.0, 'cost_D_inv': 0.0, 'cost_K_inv': 0.0, 'cost_D_trav': 7.0, 'cost_K_trav': 4.0}"
instance_20260106,emergency,baseline,2024,500,2812.970569,2313.712887,17.748415,0.0,2313.712887,0.0,0.0,0.0,873.070688,1440.642199,3,7,5,54,0,True,True,,496,108.256638,108.329703,capital costs excluded; Eq. (1) retains UAV/UGV running costs only,"{'cost_H': 0.0, 'cost_D_inv': 0.0, 'cost_K_inv': 0.0, 'cost_D_trav': 7.0, 'cost_K_trav': 4.0}"
instance_20260106,emergency,baseline,99,500,2812.970569,2394.933022,14.861071,0.0,2394.933022,0.0,0.0,0.0,908.155924,1486.777097,3,7,5,54,0,True,True,,335,110.941576,111.01414,capital costs excluded; Eq. (1) retains UAV/UGV running costs only,"{'cost_H': 0.0, 'cost_D_inv': 0.0, 'cost_K_inv': 0.0, 'cost_D_trav': 7.0, 'cost_K_trav': 4.0}"
instance_20260106,emergency,s_alns,42,500,2219.62071,2039.674233,8.107082,0.0,2039.674233,0.0,0.0,0.0,908.366347,1131.307886,7,6,8,54,0,True,True,8.0,173,177.546689,177.721963,capital costs excluded; Eq. (1) retains UAV/UGV running costs only,"{'cost_H': 0.0, 'cost_D_inv': 0.0, 'cost_K_inv': 0.0, 'cost_D_trav': 7.0, 'cost_K_trav': 4.0}"
instance_20260106,emergency,s_alns,7,500,2219.62071,1775.885389,19.991493,0.0,1775.885389,0.0,0.0,0.0,845.429228,930.456161,7,7,8,54,0,True,True,8.0,466,162.383365,162.571918,capital costs excluded; Eq. (1) retains UAV/UGV running costs only,"{'cost_H': 0.0, 'cost_D_inv': 0.0, 'cost_K_inv': 0.0, 'cost_D_trav': 7.0, 'cost_K_trav': 4.0}"
instance_20260106,emergency,s_alns,123,500,2219.62071,1995.678277,10.089221,0.0,1995.678277,0.0,0.0,0.0,854.533676,1141.144601,7,7,10,54,0,True,True,8.0,498,189.139532,189.355694,capital costs excluded; Eq. (1) retains UAV/UGV running costs only,"{'cost_H': 0.0, 'cost_D_inv': 0.0, 'cost_K_inv': 0.0, 'cost_D_trav': 7.0, 'cost_K_trav': 4.0}"
instance_20260106,emergency,s_alns,2024,500,2219.62071,2139.452028,3.611819,0.0,2139.452028,0.0,0.0,0.0,885.245456,1254.206572,7,7,10,54,0,True,True,8.0,447,200.058886,200.219451,capital costs excluded; Eq. (1) retains UAV/UGV running costs only,"{'cost_H': 0.0, 'cost_D_inv': 0.0, 'cost_K_inv': 0.0, 'cost_D_trav': 7.0, 'cost_K_trav': 4.0}"
instance_20260106,emergency,s_alns,99,500,2219.62071,1955.733902,11.888824,0.0,1955.733902,0.0,0.0,0.0,873.439679,1082.294223,7,8,9,54,0,True,True,8.0,324,148.810422,149.01169,capital costs excluded; Eq. (1) retains UAV/UGV running costs only,"{'cost_H': 0.0, 'cost_D_inv': 0.0, 'cost_K_inv': 0.0, 'cost_D_trav': 7.0, 'cost_K_trav': 4.0}"
instance_20260107,commercial,baseline,42,500,3757.641641,3604.396724,4.078221,770.0,2834.396724,50.0,540.0,180.0,769.776614,2064.62011,1,3,2,56,0,True,True,,497,119.805915,119.88529,retain amortized hub/UAV/UGV capital costs plus running costs,"{'cost_H': 50.0, 'cost_D_inv': 180.0, 'cost_K_inv': 90.0, 'cost_D_trav': 7.0, 'cost_K_trav': 4.0}"
instance_20260107,commercial,baseline,7,500,3757.641641,3648.912694,2.893542,770.0,2878.912694,50.0,540.0,180.0,769.776614,2109.136081,1,3,2,56,0,True,True,,474,136.616509,136.689113,retain amortized hub/UAV/UGV capital costs plus running costs,"{'cost_H': 50.0, 'cost_D_inv': 180.0, 'cost_K_inv': 90.0, 'cost_D_trav': 7.0, 'cost_K_trav': 4.0}"
instance_20260107,commercial,baseline,123,500,3757.641641,3640.092782,3.128262,770.0,2870.092782,50.0,540.0,180.0,769.776614,2100.316168,1,3,2,56,0,True,True,,316,130.167593,130.240641,retain amortized hub/UAV/UGV capital costs plus running costs,"{'cost_H': 50.0, 'cost_D_inv': 180.0, 'cost_K_inv': 90.0, 'cost_D_trav': 7.0, 'cost_K_trav': 4.0}"
instance_20260107,commercial,baseline,2024,500,3757.641641,3644.964896,2.998603,770.0,2874.964896,50.0,540.0,180.0,769.776614,2105.188282,1,3,2,56,0,True,True,,327,135.983644,136.057116,retain amortized hub/UAV/UGV capital costs plus running costs,"{'cost_H': 50.0, 'cost_D_inv': 180.0, 'cost_K_inv': 90.0, 'cost_D_trav': 7.0, 'cost_K_trav': 4.0}"
instance_20260107,commercial,baseline,99,500,3757.641641,3713.695752,1.169507,770.0,2943.695752,50.0,540.0,180.0,769.776614,2173.919138,1,3,2,56,0,True,True,,235,131.309292,131.383019,retain amortized hub/UAV/UGV capital costs plus running costs,"{'cost_H': 50.0, 'cost_D_inv': 180.0, 'cost_K_inv': 90.0, 'cost_D_trav': 7.0, 'cost_K_trav': 4.0}"
instance_20260107,commercial,s_alns,42,500,2854.535278,2854.535278,0.0,500.0,2354.535278,50.0,180.0,270.0,705.189477,1649.3458,1,1,3,56,0,True,True,8.0,0,169.400725,169.566424,retain amortized hub/UAV/UGV capital costs plus running costs,"{'cost_H': 50.0, 'cost_D_inv': 180.0, 'cost_K_inv': 90.0, 'cost_D_trav': 7.0, 'cost_K_trav': 4.0}"
instance_20260107,commercial,s_alns,7,500,2854.535278,2854.535278,0.0,500.0,2354.535278,50.0,180.0,270.0,705.189477,1649.3458,1,1,3,56,0,True,True,8.0,0,168.392431,168.552543,retain amortized hub/UAV/UGV capital costs plus running costs,"{'cost_H': 50.0, 'cost_D_inv': 180.0, 'cost_K_inv': 90.0, 'cost_D_trav': 7.0, 'cost_K_trav': 4.0}"
instance_20260107,commercial,s_alns,123,500,2854.535278,2854.341574,0.006786,500.0,2354.341574,50.0,180.0,270.0,705.189477,1649.152097,1,1,3,56,0,True,True,8.0,3,171.590394,171.741052,retain amortized hub/UAV/UGV capital costs plus running costs,"{'cost_H': 50.0, 'cost_D_inv': 180.0, 'cost_K_inv': 90.0, 'cost_D_trav': 7.0, 'cost_K_trav': 4.0}"
instance_20260107,commercial,s_alns,2024,500,2854.535278,2854.341574,0.006786,500.0,2354.341574,50.0,180.0,270.0,705.189477,1649.152097,1,1,3,56,0,True,True,8.0,45,180.992971,181.179211,retain amortized hub/UAV/UGV capital costs plus running costs,"{'cost_H': 50.0, 'cost_D_inv': 180.0, 'cost_K_inv': 90.0, 'cost_D_trav': 7.0, 'cost_K_trav': 4.0}"
instance_20260107,commercial,s_alns,99,500,2854.535278,2847.274172,0.254371,500.0,2347.274172,50.0,180.0,270.0,705.189477,1642.084694,1,1,3,56,0,True,True,8.0,162,187.3525,187.510352,retain amortized hub/UAV/UGV capital costs plus running costs,"{'cost_H': 50.0, 'cost_D_inv': 180.0, 'cost_K_inv': 90.0, 'cost_D_trav': 7.0, 'cost_K_trav': 4.0}"
instance_20260107,emergency,baseline,42,500,2987.641641,2663.015095,10.865645,0.0,2663.015095,0.0,0.0,0.0,788.75228,1874.262815,3,5,5,56,0,True,True,,344,107.633786,107.712648,capital costs excluded; Eq. (1) retains UAV/UGV running costs only,"{'cost_H': 0.0, 'cost_D_inv': 0.0, 'cost_K_inv': 0.0, 'cost_D_trav': 7.0, 'cost_K_trav': 4.0}"
instance_20260107,emergency,baseline,7,500,2987.641641,2700.112478,9.623951,0.0,2700.112478,0.0,0.0,0.0,793.046451,1907.066027,2,3,4,56,0,True,True,,199,116.051025,116.127148,capital costs excluded; Eq. (1) retains UAV/UGV running costs only,"{'cost_H': 0.0, 'cost_D_inv': 0.0, 'cost_K_inv': 0.0, 'cost_D_trav': 7.0, 'cost_K_trav': 4.0}"
instance_20260107,emergency,baseline,123,500,2987.641641,2730.033551,8.622456,0.0,2730.033551,0.0,0.0,0.0,819.543344,1910.490207,3,4,5,56,0,True,True,,451,105.276913,105.361011,capital costs excluded; Eq. (1) retains UAV/UGV running costs only,"{'cost_H': 0.0, 'cost_D_inv': 0.0, 'cost_K_inv': 0.0, 'cost_D_trav': 7.0, 'cost_K_trav': 4.0}"
instance_20260107,emergency,baseline,2024,500,2987.641641,2670.326107,10.620937,0.0,2670.326107,0.0,0.0,0.0,815.249172,1855.076935,3,4,5,56,0,True,True,,487,98.095946,98.201542,capital costs excluded; Eq. (1) retains UAV/UGV running costs only,"{'cost_H': 0.0, 'cost_D_inv': 0.0, 'cost_K_inv': 0.0, 'cost_D_trav': 7.0, 'cost_K_trav': 4.0}"
instance_20260107,emergency,baseline,99,500,2987.641641,2730.41128,8.609813,0.0,2730.41128,0.0,0.0,0.0,762.255387,1968.155893,2,4,4,56,0,True,True,,427,116.452641,116.529272,capital costs excluded; Eq. (1) retains UAV/UGV running costs only,"{'cost_H': 0.0, 'cost_D_inv': 0.0, 'cost_K_inv': 0.0, 'cost_D_trav': 7.0, 'cost_K_trav': 4.0}"
instance_20260107,emergency,s_alns,42,500,2354.535278,1947.787241,17.275088,0.0,1947.787241,0.0,0.0,0.0,764.3736,1183.413641,7,8,11,56,0,True,True,8.0,396,178.096615,178.265123,capital costs excluded; Eq. (1) retains UAV/UGV running costs only,"{'cost_H': 0.0, 'cost_D_inv': 0.0, 'cost_K_inv': 0.0, 'cost_D_trav': 7.0, 'cost_K_trav': 4.0}"
instance_20260107,emergency,s_alns,7,500,2354.535278,2048.068831,13.016006,0.0,2048.068831,0.0,0.0,0.0,769.270993,1278.797838,7,6,10,56,0,True,True,8.0,409,189.116568,189.277773,capital costs excluded; Eq. (1) retains UAV/UGV running costs only,"{'cost_H': 0.0, 'cost_D_inv': 0.0, 'cost_K_inv': 0.0, 'cost_D_trav': 7.0, 'cost_K_trav': 4.0}"
instance_20260107,emergency,s_alns,123,500,2354.535278,1903.102462,19.172905,0.0,1903.102462,0.0,0.0,0.0,707.085643,1196.016819,7,7,8,56,0,True,True,8.0,479,190.904751,191.065589,capital costs excluded; Eq. (1) retains UAV/UGV running costs only,"{'cost_H': 0.0, 'cost_D_inv': 0.0, 'cost_K_inv': 0.0, 'cost_D_trav': 7.0, 'cost_K_trav': 4.0}"
instance_20260107,emergency,s_alns,2024,500,2354.535278,2125.263716,9.737444,0.0,2125.263716,0.0,0.0,0.0,773.031607,1352.232109,7,4,9,56,0,True,True,8.0,354,198.682134,198.839496,capital costs excluded; Eq. (1) retains UAV/UGV running costs only,"{'cost_H': 0.0, 'cost_D_inv': 0.0, 'cost_K_inv': 0.0, 'cost_D_trav': 7.0, 'cost_K_trav': 4.0}"
instance_20260107,emergency,s_alns,99,500,2354.535278,2181.140751,7.364278,0.0,2181.140751,0.0,0.0,0.0,827.013225,1354.127526,7,5,10,56,0,True,True,8.0,472,194.222345,194.379486,capital costs excluded; Eq. (1) retains UAV/UGV running costs only,"{'cost_H': 0.0, 'cost_D_inv': 0.0, 'cost_K_inv': 0.0, 'cost_D_trav': 7.0, 'cost_K_trav': 4.0}"
instance_20260108,commercial,baseline,42,500,3957.014561,3570.930801,9.756946,680.0,2890.930801,50.0,360.0,270.0,769.776614,2121.154188,1,2,3,56,0,True,True,,302,131.289626,131.396707,retain amortized hub/UAV/UGV capital costs plus running costs,"{'cost_H': 50.0, 'cost_D_inv': 180.0, 'cost_K_inv': 90.0, 'cost_D_trav': 7.0, 'cost_K_trav': 4.0}"
instance_20260108,commercial,baseline,7,500,3957.014561,3568.107371,9.828298,680.0,2888.107371,50.0,360.0,270.0,769.776614,2118.330758,1,2,3,56,0,True,True,,470,124.168716,124.245135,retain amortized hub/UAV/UGV capital costs plus running costs,"{'cost_H': 50.0, 'cost_D_inv': 180.0, 'cost_K_inv': 90.0, 'cost_D_trav': 7.0, 'cost_K_trav': 4.0}"
instance_20260108,commercial,baseline,123,500,3957.014561,3568.110693,9.828214,680.0,2888.110693,50.0,360.0,270.0,769.776614,2118.334079,1,2,3,56,0,True,True,,388,126.667077,126.74237,retain amortized hub/UAV/UGV capital costs plus running costs,"{'cost_H': 50.0, 'cost_D_inv': 180.0, 'cost_K_inv': 90.0, 'cost_D_trav': 7.0, 'cost_K_trav': 4.0}"
instance_20260108,commercial,baseline,2024,500,3957.014561,3883.412819,1.860032,860.0,3023.412819,50.0,540.0,270.0,800.567678,2222.845141,1,3,3,56,0,True,True,,353,126.26619,126.345273,retain amortized hub/UAV/UGV capital costs plus running costs,"{'cost_H': 50.0, 'cost_D_inv': 180.0, 'cost_K_inv': 90.0, 'cost_D_trav': 7.0, 'cost_K_trav': 4.0}"
instance_20260108,commercial,baseline,99,500,3957.014561,3957.000965,0.000344,860.0,3097.000965,50.0,540.0,270.0,800.567678,2296.433287,1,3,3,56,0,True,True,,492,137.89257,137.977222,retain amortized hub/UAV/UGV capital costs plus running costs,"{'cost_H': 50.0, 'cost_D_inv': 180.0, 'cost_K_inv': 90.0, 'cost_D_trav': 7.0, 'cost_K_trav': 4.0}"
instance_20260108,commercial,s_alns,42,500,3442.343619,3230.029421,6.167722,770.0,2460.029421,50.0,540.0,180.0,705.189477,1754.839944,1,3,2,56,0,True,True,8.0,85,215.402251,215.561665,retain amortized hub/UAV/UGV capital costs plus running costs,"{'cost_H': 50.0, 'cost_D_inv': 180.0, 'cost_K_inv': 90.0, 'cost_D_trav': 7.0, 'cost_K_trav': 4.0}"
instance_20260108,commercial,s_alns,7,500,3442.343619,3230.029421,6.167722,770.0,2460.029421,50.0,540.0,180.0,705.189477,1754.839944,1,3,2,56,0,True,True,8.0,41,203.195034,203.365253,retain amortized hub/UAV/UGV capital costs plus running costs,"{'cost_H': 50.0, 'cost_D_inv': 180.0, 'cost_K_inv': 90.0, 'cost_D_trav': 7.0, 'cost_K_trav': 4.0}"
instance_20260108,commercial,s_alns,123,500,3442.343619,3230.029421,6.167722,770.0,2460.029421,50.0,540.0,180.0,705.189477,1754.839944,1,3,2,56,0,True,True,8.0,203,206.014038,206.213049,retain amortized hub/UAV/UGV capital costs plus running costs,"{'cost_H': 50.0, 'cost_D_inv': 180.0, 'cost_K_inv': 90.0, 'cost_D_trav': 7.0, 'cost_K_trav': 4.0}"
instance_20260108,commercial,s_alns,2024,500,3442.343619,3190.821929,7.306699,770.0,2420.821929,50.0,540.0,180.0,675.806582,1745.015346,1,3,2,56,0,True,True,8.0,324,211.608067,211.764096,retain amortized hub/UAV/UGV capital costs plus running costs,"{'cost_H': 50.0, 'cost_D_inv': 180.0, 'cost_K_inv': 90.0, 'cost_D_trav': 7.0, 'cost_K_trav': 4.0}"
instance_20260108,commercial,s_alns,99,500,3442.343619,3230.029421,6.167722,770.0,2460.029421,50.0,540.0,180.0,705.189477,1754.839944,1,3,2,56,0,True,True,8.0,361,216.588002,216.752231,retain amortized hub/UAV/UGV capital costs plus running costs,"{'cost_H': 50.0, 'cost_D_inv': 180.0, 'cost_K_inv': 90.0, 'cost_D_trav': 7.0, 'cost_K_trav': 4.0}"
instance_20260108,emergency,baseline,42,500,3097.014561,2973.541267,3.986849,0.0,2973.541267,0.0,0.0,0.0,855.423908,2118.11736,3,4,5,56,0,True,True,,496,136.979685,137.056972,capital costs excluded; Eq. (1) retains UAV/UGV running costs only,"{'cost_H': 0.0, 'cost_D_inv': 0.0, 'cost_K_inv': 0.0, 'cost_D_trav': 7.0, 'cost_K_trav': 4.0}"
instance_20260108,emergency,baseline,7,500,3097.014561,2889.909676,6.687243,0.0,2889.909676,0.0,0.0,0.0,796.273506,2093.63617,2,2,4,56,0,True,True,,470,162.81477,162.889946,capital costs excluded; Eq. (1) retains UAV/UGV running costs only,"{'cost_H': 0.0, 'cost_D_inv': 0.0, 'cost_K_inv': 0.0, 'cost_D_trav': 7.0, 'cost_K_trav': 4.0}"
instance_20260108,emergency,baseline,123,500,3097.014561,2888.980852,6.717234,0.0,2888.980852,0.0,0.0,0.0,851.129736,2037.851116,3,3,6,56,0,True,True,,288,110.197444,110.275695,capital costs excluded; Eq. (1) retains UAV/UGV running costs only,"{'cost_H': 0.0, 'cost_D_inv': 0.0, 'cost_K_inv': 0.0, 'cost_D_trav': 7.0, 'cost_K_trav': 4.0}"
instance_20260108,emergency,baseline,2024,500,3097.014561,2891.804282,6.626068,0.0,2891.804282,0.0,0.0,0.0,851.129736,2040.674546,3,3,5,56,0,True,True,,443,131.279502,131.357579,capital costs excluded; Eq. (1) retains UAV/UGV running costs only,"{'cost_H': 0.0, 'cost_D_inv': 0.0, 'cost_K_inv': 0.0, 'cost_D_trav': 7.0, 'cost_K_trav': 4.0}"
instance_20260108,emergency,baseline,99,500,3097.014561,2885.722152,6.822454,0.0,2885.722152,0.0,0.0,0.0,798.13595,2087.586201,2,3,4,56,0,True,True,,435,154.794218,154.899574,capital costs excluded; Eq. (1) retains UAV/UGV running costs only,"{'cost_H': 0.0, 'cost_D_inv': 0.0, 'cost_K_inv': 0.0, 'cost_D_trav': 7.0, 'cost_K_trav': 4.0}"
instance_20260108,emergency,s_alns,42,500,2492.343619,2375.212867,4.699623,0.0,2375.212867,0.0,0.0,0.0,797.586772,1577.626096,7,7,10,56,0,True,True,8.0,438,250.917755,251.078746,capital costs excluded; Eq. (1) retains UAV/UGV running costs only,"{'cost_H': 0.0, 'cost_D_inv': 0.0, 'cost_K_inv': 0.0, 'cost_D_trav': 7.0, 'cost_K_trav': 4.0}"
instance_20260108,emergency,s_alns,7,500,2492.343619,2289.475105,8.139669,0.0,2289.475105,0.0,0.0,0.0,879.963452,1409.511654,7,4,8,56,0,True,True,8.0,461,247.533988,247.696544,capital costs excluded; Eq. (1) retains UAV/UGV running costs only,"{'cost_H': 0.0, 'cost_D_inv': 0.0, 'cost_K_inv': 0.0, 'cost_D_trav': 7.0, 'cost_K_trav': 4.0}"
instance_20260108,emergency,s_alns,123,500,2492.343619,2306.578405,7.453435,0.0,2306.578405,0.0,0.0,0.0,771.089879,1535.488526,7,8,9,56,0,True,True,8.0,402,240.878533,241.039729,capital costs excluded; Eq. (1) retains UAV/UGV running costs only,"{'cost_H': 0.0, 'cost_D_inv': 0.0, 'cost_K_inv': 0.0, 'cost_D_trav': 7.0, 'cost_K_trav': 4.0}"
instance_20260108,emergency,s_alns,2024,500,2492.343619,2283.023984,8.398506,0.0,2283.023984,0.0,0.0,0.0,800.472774,1482.55121,7,5,8,56,0,True,True,8.0,290,196.785707,196.949287,capital costs excluded; Eq. (1) retains UAV/UGV running costs only,"{'cost_H': 0.0, 'cost_D_inv': 0.0, 'cost_K_inv': 0.0, 'cost_D_trav': 7.0, 'cost_K_trav': 4.0}"
instance_20260108,emergency,s_alns,99,500,2492.343619,2195.553641,11.908068,0.0,2195.553641,0.0,0.0,0.0,823.060106,1372.493535,7,6,10,56,0,True,True,8.0,492,245.874607,246.032534,capital costs excluded; Eq. (1) retains UAV/UGV running costs only,"{'cost_H': 0.0, 'cost_D_inv': 0.0, 'cost_K_inv': 0.0, 'cost_D_trav': 7.0, 'cost_K_trav': 4.0}"
instance_20260109,commercial,baseline,42,500,3511.491321,3474.306343,1.058951,770.0,2704.306343,50.0,540.0,180.0,800.567678,1903.738665,1,3,2,55,0,True,True,,445,112.002579,112.07823,retain amortized hub/UAV/UGV capital costs plus running costs,"{'cost_H': 50.0, 'cost_D_inv': 180.0, 'cost_K_inv': 90.0, 'cost_D_trav': 7.0, 'cost_K_trav': 4.0}"
instance_20260109,commercial,baseline,7,500,3511.491321,3474.306343,1.058951,770.0,2704.306343,50.0,540.0,180.0,800.567678,1903.738665,1,3,2,55,0,True,True,,195,114.651217,114.729867,retain amortized hub/UAV/UGV capital costs plus running costs,"{'cost_H': 50.0, 'cost_D_inv': 180.0, 'cost_K_inv': 90.0, 'cost_D_trav': 7.0, 'cost_K_trav': 4.0}"
instance_20260109,commercial,baseline,123,500,3511.491321,3474.338141,1.058046,770.0,2704.338141,50.0,540.0,180.0,800.567678,1903.770462,1,3,2,55,0,True,True,,462,115.733356,115.817164,retain amortized hub/UAV/UGV capital costs plus running costs,"{'cost_H': 50.0, 'cost_D_inv': 180.0, 'cost_K_inv': 90.0, 'cost_D_trav': 7.0, 'cost_K_trav': 4.0}"
instance_20260109,commercial,baseline,2024,500,3511.491321,3474.306343,1.058951,770.0,2704.306343,50.0,540.0,180.0,800.567678,1903.738665,1,3,2,55,0,True,True,,325,99.698735,99.771344,retain amortized hub/UAV/UGV capital costs plus running costs,"{'cost_H': 50.0, 'cost_D_inv': 180.0, 'cost_K_inv': 90.0, 'cost_D_trav': 7.0, 'cost_K_trav': 4.0}"
instance_20260109,commercial,baseline,99,500,3511.491321,3474.306343,1.058951,770.0,2704.306343,50.0,540.0,180.0,800.567678,1903.738665,1,3,2,55,0,True,True,,177,106.52998,106.631878,retain amortized hub/UAV/UGV capital costs plus running costs,"{'cost_H': 50.0, 'cost_D_inv': 180.0, 'cost_K_inv': 90.0, 'cost_D_trav': 7.0, 'cost_K_trav': 4.0}"
instance_20260109,commercial,s_alns,42,500,2674.9862,2655.715056,0.72042,410.0,2245.715056,50.0,180.0,180.0,763.955267,1481.759789,1,1,2,55,0,True,True,7.0,401,194.154491,194.315046,retain amortized hub/UAV/UGV capital costs plus running costs,"{'cost_H': 50.0, 'cost_D_inv': 180.0, 'cost_K_inv': 90.0, 'cost_D_trav': 7.0, 'cost_K_trav': 4.0}"
instance_20260109,commercial,s_alns,7,500,2674.9862,2674.9862,0.0,410.0,2264.9862,50.0,180.0,180.0,763.955267,1501.030933,1,1,2,55,0,True,True,7.0,0,179.366811,179.536255,retain amortized hub/UAV/UGV capital costs plus running costs,"{'cost_H': 50.0, 'cost_D_inv': 180.0, 'cost_K_inv': 90.0, 'cost_D_trav': 7.0, 'cost_K_trav': 4.0}"
instance_20260109,commercial,s_alns,123,500,2674.9862,2674.9862,0.0,410.0,2264.9862,50.0,180.0,180.0,763.955267,1501.030933,1,1,2,55,0,True,True,7.0,0,176.259367,176.41996,retain amortized hub/UAV/UGV capital costs plus running costs,"{'cost_H': 50.0, 'cost_D_inv': 180.0, 'cost_K_inv': 90.0, 'cost_D_trav': 7.0, 'cost_K_trav': 4.0}"
instance_20260109,commercial,s_alns,2024,500,2674.9862,2674.9862,0.0,410.0,2264.9862,50.0,180.0,180.0,763.955267,1501.030933,1,1,2,55,0,True,True,7.0,0,162.980422,163.142587,retain amortized hub/UAV/UGV capital costs plus running costs,"{'cost_H': 50.0, 'cost_D_inv': 180.0, 'cost_K_inv': 90.0, 'cost_D_trav': 7.0, 'cost_K_trav': 4.0}"
instance_20260109,commercial,s_alns,99,500,2674.9862,2562.916525,4.189542,410.0,2152.916525,50.0,180.0,180.0,734.572372,1418.344153,1,1,2,55,0,True,True,7.0,164,190.104694,190.259292,retain amortized hub/UAV/UGV capital costs plus running costs,"{'cost_H': 50.0, 'cost_D_inv': 180.0, 'cost_K_inv': 90.0, 'cost_D_trav': 7.0, 'cost_K_trav': 4.0}"
instance_20260109,emergency,baseline,42,500,2741.491321,2677.797001,2.323346,0.0,2677.797001,0.0,0.0,0.0,854.095022,1823.701979,3,4,4,55,0,True,True,,63,107.719966,107.793427,capital costs excluded; Eq. (1) retains UAV/UGV running costs only,"{'cost_H': 0.0, 'cost_D_inv': 0.0, 'cost_K_inv': 0.0, 'cost_D_trav': 7.0, 'cost_K_trav': 4.0}"
instance_20260109,emergency,baseline,7,500,2741.491321,2671.804214,2.541942,0.0,2671.804214,0.0,0.0,0.0,827.598129,1844.206084,2,4,3,55,0,True,True,,172,95.224177,95.306332,capital costs excluded; Eq. (1) retains UAV/UGV running costs only,"{'cost_H': 0.0, 'cost_D_inv': 0.0, 'cost_K_inv': 0.0, 'cost_D_trav': 7.0, 'cost_K_trav': 4.0}"
instance_20260109,emergency,baseline,123,500,2741.491321,2665.248761,2.781062,0.0,2665.248761,0.0,0.0,0.0,854.095022,1811.153739,3,5,4,55,0,True,True,,156,78.598471,78.678299,capital costs excluded; Eq. (1) retains UAV/UGV running costs only,"{'cost_H': 0.0, 'cost_D_inv': 0.0, 'cost_K_inv': 0.0, 'cost_D_trav': 7.0, 'cost_K_trav': 4.0}"
instance_20260109,emergency,baseline,2024,500,2741.491321,2664.906563,2.793544,0.0,2664.906563,0.0,0.0,0.0,827.598129,1837.308434,2,4,3,55,0,True,True,,464,132.300102,132.378927,capital costs excluded; Eq. (1) retains UAV/UGV running costs only,"{'cost_H': 0.0, 'cost_D_inv': 0.0, 'cost_K_inv': 0.0, 'cost_D_trav': 7.0, 'cost_K_trav': 4.0}"
instance_20260109,emergency,baseline,99,500,2741.491321,2664.906563,2.793544,0.0,2664.906563,0.0,0.0,0.0,827.598129,1837.308434,2,4,3,55,0,True,True,,363,109.180092,109.285026,capital costs excluded; Eq. (1) retains UAV/UGV running costs only,"{'cost_H': 0.0, 'cost_D_inv': 0.0, 'cost_K_inv': 0.0, 'cost_D_trav': 7.0, 'cost_K_trav': 4.0}"
instance_20260109,emergency,s_alns,42,500,2264.9862,2094.22945,7.538975,0.0,2094.22945,0.0,0.0,0.0,832.672008,1261.557442,7,5,10,55,0,True,True,7.0,445,196.741053,196.912681,capital costs excluded; Eq. (1) retains UAV/UGV running costs only,"{'cost_H': 0.0, 'cost_D_inv': 0.0, 'cost_K_inv': 0.0, 'cost_D_trav': 7.0, 'cost_K_trav': 4.0}"
instance_20260109,emergency,s_alns,7,500,2264.9862,2015.347029,11.021664,0.0,2015.347029,0.0,0.0,0.0,844.660454,1170.686575,7,6,10,55,0,True,True,7.0,406,170.077166,170.241262,capital costs excluded; Eq. (1) retains UAV/UGV running costs only,"{'cost_H': 0.0, 'cost_D_inv': 0.0, 'cost_K_inv': 0.0, 'cost_D_trav': 7.0, 'cost_K_trav': 4.0}"
instance_20260109,emergency,s_alns,123,500,2264.9862,2009.864271,11.26373,0.0,2009.864271,0.0,0.0,0.0,888.167184,1121.697087,6,5,7,55,0,True,True,7.0,167,205.430763,205.577921,capital costs excluded; Eq. (1) retains UAV/UGV running costs only,"{'cost_H': 0.0, 'cost_D_inv': 0.0, 'cost_K_inv': 0.0, 'cost_D_trav': 7.0, 'cost_K_trav': 4.0}"
instance_20260109,emergency,s_alns,2024,500,2264.9862,2129.598805,5.977405,0.0,2129.598805,0.0,0.0,0.0,859.702459,1269.896346,7,5,8,55,0,True,True,7.0,461,174.340065,174.432609,capital costs excluded; Eq. (1) retains UAV/UGV running costs only,"{'cost_H': 0.0, 'cost_D_inv': 0.0, 'cost_K_inv': 0.0, 'cost_D_trav': 7.0, 'cost_K_trav': 4.0}"
instance_20260109,emergency,s_alns,99,500,2264.9862,2094.616302,7.521896,0.0,2094.616302,0.0,0.0,0.0,806.175115,1288.441187,7,4,8,55,0,True,True,7.0,434,161.751157,161.886867,capital costs excluded; Eq. (1) retains UAV/UGV running costs only,"{'cost_H': 0.0, 'cost_D_inv': 0.0, 'cost_K_inv': 0.0, 'cost_D_trav': 7.0, 'cost_K_trav': 4.0}"
instance_20260110,commercial,baseline,42,500,4185.074183,4185.074183,0.0,770.0,3415.074183,50.0,540.0,180.0,954.523001,2460.551182,1,3,2,62,0,True,True,,0,145.411284,145.489681,retain amortized hub/UAV/UGV capital costs plus running costs,"{'cost_H': 50.0, 'cost_D_inv': 180.0, 'cost_K_inv': 90.0, 'cost_D_trav': 7.0, 'cost_K_trav': 4.0}"
instance_20260110,commercial,baseline,7,500,4185.074183,4184.012368,0.025371,770.0,3414.012368,50.0,540.0,180.0,954.523001,2459.489367,1,3,2,62,0,True,True,,404,141.583735,141.673695,retain amortized hub/UAV/UGV capital costs plus running costs,"{'cost_H': 50.0, 'cost_D_inv': 180.0, 'cost_K_inv': 90.0, 'cost_D_trav': 7.0, 'cost_K_trav': 4.0}"
instance_20260110,commercial,baseline,123,500,4185.074183,4157.1758,0.666616,770.0,3387.1758,50.0,540.0,180.0,954.523001,2432.652799,1,3,2,62,0,True,True,,491,153.056287,153.133755,retain amortized hub/UAV/UGV capital costs plus running costs,"{'cost_H': 50.0, 'cost_D_inv': 180.0, 'cost_K_inv': 90.0, 'cost_D_trav': 7.0, 'cost_K_trav': 4.0}"
instance_20260110,commercial,baseline,2024,500,4185.074183,4157.1758,0.666616,770.0,3387.1758,50.0,540.0,180.0,954.523001,2432.652799,1,3,2,62,0,True,True,,346,158.893451,158.975497,retain amortized hub/UAV/UGV capital costs plus running costs,"{'cost_H': 50.0, 'cost_D_inv': 180.0, 'cost_K_inv': 90.0, 'cost_D_trav': 7.0, 'cost_K_trav': 4.0}"
instance_20260110,commercial,baseline,99,500,4185.074183,4157.1758,0.666616,770.0,3387.1758,50.0,540.0,180.0,954.523001,2432.652799,1,3,2,62,0,True,True,,355,146.703287,146.753787,retain amortized hub/UAV/UGV capital costs plus running costs,"{'cost_H': 50.0, 'cost_D_inv': 180.0, 'cost_K_inv': 90.0, 'cost_D_trav': 7.0, 'cost_K_trav': 4.0}"
instance_20260110,commercial,s_alns,42,500,4141.249076,4141.249076,0.0,590.0,3551.249076,50.0,360.0,180.0,794.906782,2756.342294,1,2,2,62,0,True,True,8.0,0,172.368969,172.528057,retain amortized hub/UAV/UGV capital costs plus running costs,"{'cost_H': 50.0, 'cost_D_inv': 180.0, 'cost_K_inv': 90.0, 'cost_D_trav': 7.0, 'cost_K_trav': 4.0}"
instance_20260110,commercial,s_alns,7,500,4141.249076,4141.249076,0.0,590.0,3551.249076,50.0,360.0,180.0,794.906782,2756.342294,1,2,2,62,0,True,True,8.0,0,231.063442,231.237209,retain amortized hub/UAV/UGV capital costs plus running costs,"{'cost_H': 50.0, 'cost_D_inv': 180.0, 'cost_K_inv': 90.0, 'cost_D_trav': 7.0, 'cost_K_trav': 4.0}"
instance_20260110,commercial,s_alns,123,500,4141.249076,4137.086236,0.100521,590.0,3547.086236,50.0,360.0,180.0,794.906782,2752.179453,1,2,2,62,0,True,True,8.0,81,240.428365,240.592726,retain amortized hub/UAV/UGV capital costs plus running costs,"{'cost_H': 50.0, 'cost_D_inv': 180.0, 'cost_K_inv': 90.0, 'cost_D_trav': 7.0, 'cost_K_trav': 4.0}"
instance_20260110,commercial,s_alns,2024,500,4141.249076,4141.249076,0.0,590.0,3551.249076,50.0,360.0,180.0,794.906782,2756.342294,1,2,2,62,0,True,True,8.0,0,235.239629,235.407038,retain amortized hub/UAV/UGV capital costs plus running costs,"{'cost_H': 50.0, 'cost_D_inv': 180.0, 'cost_K_inv': 90.0, 'cost_D_trav': 7.0, 'cost_K_trav': 4.0}"
instance_20260110,commercial,s_alns,99,500,4141.249076,4141.249076,0.0,590.0,3551.249076,50.0,360.0,180.0,794.906782,2756.342294,1,2,2,62,0,True,True,8.0,0,255.30771,255.485926,retain amortized hub/UAV/UGV capital costs plus running costs,"{'cost_H': 50.0, 'cost_D_inv': 180.0, 'cost_K_inv': 90.0, 'cost_D_trav': 7.0, 'cost_K_trav': 4.0}"
instance_20260110,emergency,baseline,42,500,3415.074183,2942.935706,13.825131,0.0,2942.935706,0.0,0.0,0.0,964.874598,1978.061108,4,5,6,62,0,True,True,,479,114.651582,114.732258,capital costs excluded; Eq. (1) retains UAV/UGV running costs only,"{'cost_H': 0.0, 'cost_D_inv': 0.0, 'cost_K_inv': 0.0, 'cost_D_trav': 7.0, 'cost_K_trav': 4.0}"
instance_20260110,emergency,baseline,7,500,3415.074183,2997.821138,12.217979,0.0,2997.821138,0.0,0.0,0.0,995.665662,2002.155476,4,6,7,62,0,True,True,,396,136.128777,136.208218,capital costs excluded; Eq. (1) retains UAV/UGV running costs only,"{'cost_H': 0.0, 'cost_D_inv': 0.0, 'cost_K_inv': 0.0, 'cost_D_trav': 7.0, 'cost_K_trav': 4.0}"
instance_20260110,emergency,baseline,123,500,3415.074183,2948.133744,13.672922,0.0,2948.133744,0.0,0.0,0.0,969.16877,1978.964975,3,5,5,62,0,True,True,,455,128.273264,128.358016,capital costs excluded; Eq. (1) retains UAV/UGV running costs only,"{'cost_H': 0.0, 'cost_D_inv': 0.0, 'cost_K_inv': 0.0, 'cost_D_trav': 7.0, 'cost_K_trav': 4.0}"
instance_20260110,emergency,baseline,2024,500,3415.074183,3029.323799,11.29552,0.0,3029.323799,0.0,0.0,0.0,999.959834,2029.363965,3,6,6,62,0,True,True,,292,127.998983,128.076027,capital costs excluded; Eq. (1) retains UAV/UGV running costs only,"{'cost_H': 0.0, 'cost_D_inv': 0.0, 'cost_K_inv': 0.0, 'cost_D_trav': 7.0, 'cost_K_trav': 4.0}"
instance_20260110,emergency,baseline,99,500,3415.074183,2996.976933,12.242699,0.0,2996.976933,0.0,0.0,0.0,969.16877,2027.808163,3,6,5,62,0,True,True,,421,114.298641,114.386027,capital costs excluded; Eq. (1) retains UAV/UGV running costs only,"{'cost_H': 0.0, 'cost_D_inv': 0.0, 'cost_K_inv': 0.0, 'cost_D_trav': 7.0, 'cost_K_trav': 4.0}"
instance_20260110,emergency,s_alns,42,500,3551.249076,3054.395511,13.990952,0.0,3054.395511,0.0,0.0,0.0,931.160541,2123.23497,7,7,9,62,0,True,True,8.0,453,272.900016,273.06747,capital costs excluded; Eq. (1) retains UAV/UGV running costs only,"{'cost_H': 0.0, 'cost_D_inv': 0.0, 'cost_K_inv': 0.0, 'cost_D_trav': 7.0, 'cost_K_trav': 4.0}"
instance_20260110,emergency,s_alns,7,500,3551.249076,3215.336109,9.459009,0.0,3215.336109,0.0,0.0,0.0,849.27386,2366.062249,7,7,9,62,0,True,True,8.0,430,249.919604,250.080828,capital costs excluded; Eq. (1) retains UAV/UGV running costs only,"{'cost_H': 0.0, 'cost_D_inv': 0.0, 'cost_K_inv': 0.0, 'cost_D_trav': 7.0, 'cost_K_trav': 4.0}"
instance_20260110,emergency,s_alns,123,500,3551.249076,2945.88302,17.046567,0.0,2945.88302,0.0,0.0,0.0,877.633197,2068.249823,7,7,8,62,0,True,True,8.0,468,219.484929,219.658428,capital costs excluded; Eq. (1) retains UAV/UGV running costs only,"{'cost_H': 0.0, 'cost_D_inv': 0.0, 'cost_K_inv': 0.0, 'cost_D_trav': 7.0, 'cost_K_trav': 4.0}"
instance_20260110,emergency,s_alns,2024,500,3551.249076,3147.664129,11.364591,0.0,3147.664129,0.0,0.0,0.0,904.13009,2243.534039,7,7,10,62,0,True,True,8.0,447,257.109322,257.270808,capital costs excluded; Eq. (1) retains UAV/UGV running costs only,"{'cost_H': 0.0, 'cost_D_inv': 0.0, 'cost_K_inv': 0.0, 'cost_D_trav': 7.0, 'cost_K_trav': 4.0}"
instance_20260110,emergency,s_alns,99,500,3551.249076,3209.313936,9.628588,0.0,3209.313936,0.0,0.0,0.0,931.160541,2278.153396,7,7,10,62,0,True,True,8.0,451,250.877873,251.06949,capital costs excluded; Eq. (1) retains UAV/UGV running costs only,"{'cost_H': 0.0, 'cost_D_inv': 0.0, 'cost_K_inv': 0.0, 'cost_D_trav': 7.0, 'cost_K_trav': 4.0}"
